Arizona,Arkansas,0.48799675885696986
Arizona,Baylor,0.48799675885696986
Arizona,Bucknell,0.48799675885696986
Arizona,Butler,0.48799675885696986
Arizona,Cincinnati,0.48799675885696986
Arizona,Creighton,0.48799675885696986
Arizona,Dayton,0.48799675885696986
Arizona,Duke,0.48799675885696986
Arizona,ETSU,0.48799675885696986
Arizona,FL Gulf Coast,0.48799675885696986
Arizona,Florida,0.48799675885696986
Arizona,Florida St,0.48799675885696986
Arizona,Gonzaga,0.48799675885696986
Arizona,Iona,0.48799675885696986
Arizona,Iowa St,0.48799675885696986
Arizona,Jacksonville St,0.48799675885696986
Arizona,Kansas,0.48799675885696986
Arizona,Kansas St,0.48799675885696986
Arizona,Kent,0.48799675885696986
Arizona,Kentucky,0.48799675885696986
Arizona,Louisville,0.48799675885696986
Arizona,Marquette,0.48799675885696986
Arizona,Maryland,0.48799675885696986
Arizona,Miami FL,0.48799675885696986
Arizona,Michigan,0.48799675885696986
Arizona,Michigan St,0.48799675885696986
Arizona,Minnesota,0.48799675885696986
Arizona,Mt St Mary's,0.48799675885696986
Arizona,MTSU,0.48799675885696986
Arizona,N Kentucky,0.48799675885696986
Arizona,NC Central,0.48799675885696986
Arizona,Nevada,0.48799675885696986
Arizona,New Mexico St,0.48799675885696986
Arizona,New Orleans,0.48799675885696986
Arizona,North Carolina,0.48799675885696986
Arizona,North Dakota,0.48799675885696986
Arizona,Northwestern,0.48799675885696986
Arizona,Notre Dame,0.48799675885696986
Arizona,Oklahoma St,0.48799675885696986
Arizona,Oregon,0.48799675885696986
Arizona,Princeton,0.48799675885696986
Arizona,Providence,0.48799675885696986
Arizona,Purdue,0.48799675885696986
Arizona,Rhode Island,0.48799675885696986
Arizona,S Dakota St,0.48799675885696986
Arizona,Seton Hall,0.48799675885696986
Arizona,SMU,0.48799675885696986
Arizona,South Carolina,0.48799675885696986
Arizona,St Mary's CA,0.48799675885696986
Arizona,Troy,0.48799675885696986
Arizona,TX Southern,0.48799675885696986
Arizona,UC Davis,0.48799675885696986
Arizona,UCLA,0.48799675885696986
Arizona,UNC Wilmington,0.48799675885696986
Arizona,USC,0.48799675885696986
Arizona,VA Commonwealth,0.48799675885696986
Arizona,Vanderbilt,0.48799675885696986
Arizona,Vermont,0.48799675885696986
Arizona,Villanova,0.48799675885696986
Arizona,Virginia,0.48799675885696986
Arizona,Virginia Tech,0.48799675885696986
Arizona,Wake Forest,0.48799675885696986
Arizona,West Virginia,0.48799675885696986
Arizona,Wichita St,0.48799675885696986
Arizona,Winthrop,0.48799675885696986
Arizona,Wisconsin,0.48799675885696986
Arizona,Xavier,0.48799675885696986
Arkansas,Baylor,0.48799675885696986
Arkansas,Bucknell,0.48799675885696986
Arkansas,Butler,0.48799675885696986
Arkansas,Cincinnati,0.48799675885696986
Arkansas,Creighton,0.48799675885696986
Arkansas,Dayton,0.48799675885696986
Arkansas,Duke,0.48799675885696986
Arkansas,ETSU,0.48799675885696986
Arkansas,FL Gulf Coast,0.48799675885696986
Arkansas,Florida,0.48799675885696986
Arkansas,Florida St,0.48799675885696986
Arkansas,Gonzaga,0.48799675885696986
Arkansas,Iona,0.48799675885696986
Arkansas,Iowa St,0.48799675885696986
Arkansas,Jacksonville St,0.48799675885696986
Arkansas,Kansas,0.48799675885696986
Arkansas,Kansas St,0.48799675885696986
Arkansas,Kent,0.48799675885696986
Arkansas,Kentucky,0.48799675885696986
Arkansas,Louisville,0.48799675885696986
Arkansas,Marquette,0.48799675885696986
Arkansas,Maryland,0.48799675885696986
Arkansas,Miami FL,0.48799675885696986
Arkansas,Michigan,0.48799675885696986
Arkansas,Michigan St,0.48799675885696986
Arkansas,Minnesota,0.48799675885696986
Arkansas,Mt St Mary's,0.48799675885696986
Arkansas,MTSU,0.48799675885696986
Arkansas,N Kentucky,0.48799675885696986
Arkansas,NC Central,0.48799675885696986
Arkansas,Nevada,0.48799675885696986
Arkansas,New Mexico St,0.48799675885696986
Arkansas,New Orleans,0.48799675885696986
Arkansas,North Carolina,0.48799675885696986
Arkansas,North Dakota,0.48799675885696986
Arkansas,Northwestern,0.48799675885696986
Arkansas,Notre Dame,0.48799675885696986
Arkansas,Oklahoma St,0.48799675885696986
Arkansas,Oregon,0.48799675885696986
Arkansas,Princeton,0.48799675885696986
Arkansas,Providence,0.48799675885696986
Arkansas,Purdue,0.48799675885696986
Arkansas,Rhode Island,0.48799675885696986
Arkansas,S Dakota St,0.48799675885696986
Arkansas,Seton Hall,0.48799675885696986
Arkansas,SMU,0.48799675885696986
Arkansas,South Carolina,0.48799675885696986
Arkansas,St Mary's CA,0.48799675885696986
Arkansas,Troy,0.48799675885696986
Arkansas,TX Southern,0.48799675885696986
Arkansas,UC Davis,0.48799675885696986
Arkansas,UCLA,0.48799675885696986
Arkansas,UNC Wilmington,0.48799675885696986
Arkansas,USC,0.48799675885696986
Arkansas,VA Commonwealth,0.48799675885696986
Arkansas,Vanderbilt,0.48799675885696986
Arkansas,Vermont,0.48799675885696986
Arkansas,Villanova,0.48799675885696986
Arkansas,Virginia,0.48799675885696986
Arkansas,Virginia Tech,0.48799675885696986
Arkansas,Wake Forest,0.48799675885696986
Arkansas,West Virginia,0.48799675885696986
Arkansas,Wichita St,0.48799675885696986
Arkansas,Winthrop,0.48799675885696986
Arkansas,Wisconsin,0.48799675885696986
Arkansas,Xavier,0.48799675885696986
Baylor,Bucknell,0.48799675885696986
Baylor,Butler,0.48799675885696986
Baylor,Cincinnati,0.48799675885696986
Baylor,Creighton,0.48799675885696986
Baylor,Dayton,0.48799675885696986
Baylor,Duke,0.48799675885696986
Baylor,ETSU,0.48799675885696986
Baylor,FL Gulf Coast,0.48799675885696986
Baylor,Florida,0.48799675885696986
Baylor,Florida St,0.48799675885696986
Baylor,Gonzaga,0.48799675885696986
Baylor,Iona,0.48799675885696986
Baylor,Iowa St,0.48799675885696986
Baylor,Jacksonville St,0.48799675885696986
Baylor,Kansas,0.48799675885696986
Baylor,Kansas St,0.48799675885696986
Baylor,Kent,0.48799675885696986
Baylor,Kentucky,0.48799675885696986
Baylor,Louisville,0.48799675885696986
Baylor,Marquette,0.48799675885696986
Baylor,Maryland,0.48799675885696986
Baylor,Miami FL,0.48799675885696986
Baylor,Michigan,0.48799675885696986
Baylor,Michigan St,0.48799675885696986
Baylor,Minnesota,0.48799675885696986
Baylor,Mt St Mary's,0.48799675885696986
Baylor,MTSU,0.48799675885696986
Baylor,N Kentucky,0.48799675885696986
Baylor,NC Central,0.48799675885696986
Baylor,Nevada,0.48799675885696986
Baylor,New Mexico St,0.48799675885696986
Baylor,New Orleans,0.48799675885696986
Baylor,North Carolina,0.48799675885696986
Baylor,North Dakota,0.48799675885696986
Baylor,Northwestern,0.48799675885696986
Baylor,Notre Dame,0.48799675885696986
Baylor,Oklahoma St,0.48799675885696986
Baylor,Oregon,0.48799675885696986
Baylor,Princeton,0.48799675885696986
Baylor,Providence,0.48799675885696986
Baylor,Purdue,0.48799675885696986
Baylor,Rhode Island,0.48799675885696986
Baylor,S Dakota St,0.48799675885696986
Baylor,Seton Hall,0.48799675885696986
Baylor,SMU,0.48799675885696986
Baylor,South Carolina,0.48799675885696986
Baylor,St Mary's CA,0.48799675885696986
Baylor,Troy,0.48799675885696986
Baylor,TX Southern,0.48799675885696986
Baylor,UC Davis,0.48799675885696986
Baylor,UCLA,0.48799675885696986
Baylor,UNC Wilmington,0.48799675885696986
Baylor,USC,0.48799675885696986
Baylor,VA Commonwealth,0.48799675885696986
Baylor,Vanderbilt,0.48799675885696986
Baylor,Vermont,0.48799675885696986
Baylor,Villanova,0.48799675885696986
Baylor,Virginia,0.48799675885696986
Baylor,Virginia Tech,0.48799675885696986
Baylor,Wake Forest,0.48799675885696986
Baylor,West Virginia,0.48799675885696986
Baylor,Wichita St,0.48799675885696986
Baylor,Winthrop,0.48799675885696986
Baylor,Wisconsin,0.48799675885696986
Baylor,Xavier,0.48799675885696986
Bucknell,Butler,0.48799675885696986
Bucknell,Cincinnati,0.48799675885696986
Bucknell,Creighton,0.48799675885696986
Bucknell,Dayton,0.48799675885696986
Bucknell,Duke,0.48799675885696986
Bucknell,ETSU,0.48799675885696986
Bucknell,FL Gulf Coast,0.48799675885696986
Bucknell,Florida,0.48799675885696986
Bucknell,Florida St,0.48799675885696986
Bucknell,Gonzaga,0.48799675885696986
Bucknell,Iona,0.48799675885696986
Bucknell,Iowa St,0.48799675885696986
Bucknell,Jacksonville St,0.48799675885696986
Bucknell,Kansas,0.48799675885696986
Bucknell,Kansas St,0.48799675885696986
Bucknell,Kent,0.48799675885696986
Bucknell,Kentucky,0.48799675885696986
Bucknell,Louisville,0.48799675885696986
Bucknell,Marquette,0.48799675885696986
Bucknell,Maryland,0.48799675885696986
Bucknell,Miami FL,0.48799675885696986
Bucknell,Michigan,0.48799675885696986
Bucknell,Michigan St,0.48799675885696986
Bucknell,Minnesota,0.48799675885696986
Bucknell,Mt St Mary's,0.48799675885696986
Bucknell,MTSU,0.48799675885696986
Bucknell,N Kentucky,0.48799675885696986
Bucknell,NC Central,0.48799675885696986
Bucknell,Nevada,0.48799675885696986
Bucknell,New Mexico St,0.48799675885696986
Bucknell,New Orleans,0.48799675885696986
Bucknell,North Carolina,0.48799675885696986
Bucknell,North Dakota,0.48799675885696986
Bucknell,Northwestern,0.48799675885696986
Bucknell,Notre Dame,0.48799675885696986
Bucknell,Oklahoma St,0.48799675885696986
Bucknell,Oregon,0.48799675885696986
Bucknell,Princeton,0.48799675885696986
Bucknell,Providence,0.48799675885696986
Bucknell,Purdue,0.48799675885696986
Bucknell,Rhode Island,0.48799675885696986
Bucknell,S Dakota St,0.48799675885696986
Bucknell,Seton Hall,0.48799675885696986
Bucknell,SMU,0.48799675885696986
Bucknell,South Carolina,0.48799675885696986
Bucknell,St Mary's CA,0.48799675885696986
Bucknell,Troy,0.48799675885696986
Bucknell,TX Southern,0.48799675885696986
Bucknell,UC Davis,0.48799675885696986
Bucknell,UCLA,0.48799675885696986
Bucknell,UNC Wilmington,0.48799675885696986
Bucknell,USC,0.48799675885696986
Bucknell,VA Commonwealth,0.48799675885696986
Bucknell,Vanderbilt,0.48799675885696986
Bucknell,Vermont,0.48799675885696986
Bucknell,Villanova,0.48799675885696986
Bucknell,Virginia,0.48799675885696986
Bucknell,Virginia Tech,0.48799675885696986
Bucknell,Wake Forest,0.48799675885696986
Bucknell,West Virginia,0.48799675885696986
Bucknell,Wichita St,0.48799675885696986
Bucknell,Winthrop,0.48799675885696986
Bucknell,Wisconsin,0.48799675885696986
Bucknell,Xavier,0.48799675885696986
Butler,Cincinnati,0.48799675885696986
Butler,Creighton,0.48799675885696986
Butler,Dayton,0.48799675885696986
Butler,Duke,0.48799675885696986
Butler,ETSU,0.48799675885696986
Butler,FL Gulf Coast,0.48799675885696986
Butler,Florida,0.48799675885696986
Butler,Florida St,0.48799675885696986
Butler,Gonzaga,0.48799675885696986
Butler,Iona,0.48799675885696986
Butler,Iowa St,0.48799675885696986
Butler,Jacksonville St,0.48799675885696986
Butler,Kansas,0.48799675885696986
Butler,Kansas St,0.48799675885696986
Butler,Kent,0.48799675885696986
Butler,Kentucky,0.48799675885696986
Butler,Louisville,0.48799675885696986
Butler,Marquette,0.48799675885696986
Butler,Maryland,0.48799675885696986
Butler,Miami FL,0.48799675885696986
Butler,Michigan,0.48799675885696986
Butler,Michigan St,0.48799675885696986
Butler,Minnesota,0.48799675885696986
Butler,Mt St Mary's,0.48799675885696986
Butler,MTSU,0.48799675885696986
Butler,N Kentucky,0.48799675885696986
Butler,NC Central,0.48799675885696986
Butler,Nevada,0.48799675885696986
Butler,New Mexico St,0.48799675885696986
Butler,New Orleans,0.48799675885696986
Butler,North Carolina,0.48799675885696986
Butler,North Dakota,0.48799675885696986
Butler,Northwestern,0.48799675885696986
Butler,Notre Dame,0.48799675885696986
Butler,Oklahoma St,0.48799675885696986
Butler,Oregon,0.48799675885696986
Butler,Princeton,0.48799675885696986
Butler,Providence,0.48799675885696986
Butler,Purdue,0.48799675885696986
Butler,Rhode Island,0.48799675885696986
Butler,S Dakota St,0.48799675885696986
Butler,Seton Hall,0.48799675885696986
Butler,SMU,0.48799675885696986
Butler,South Carolina,0.48799675885696986
Butler,St Mary's CA,0.48799675885696986
Butler,Troy,0.48799675885696986
Butler,TX Southern,0.48799675885696986
Butler,UC Davis,0.48799675885696986
Butler,UCLA,0.48799675885696986
Butler,UNC Wilmington,0.48799675885696986
Butler,USC,0.48799675885696986
Butler,VA Commonwealth,0.48799675885696986
Butler,Vanderbilt,0.48799675885696986
Butler,Vermont,0.48799675885696986
Butler,Villanova,0.48799675885696986
Butler,Virginia,0.48799675885696986
Butler,Virginia Tech,0.48799675885696986
Butler,Wake Forest,0.48799675885696986
Butler,West Virginia,0.48799675885696986
Butler,Wichita St,0.48799675885696986
Butler,Winthrop,0.48799675885696986
Butler,Wisconsin,0.48799675885696986
Butler,Xavier,0.48799675885696986
Cincinnati,Creighton,0.48799675885696986
Cincinnati,Dayton,0.48799675885696986
Cincinnati,Duke,0.48799675885696986
Cincinnati,ETSU,0.48799675885696986
Cincinnati,FL Gulf Coast,0.48799675885696986
Cincinnati,Florida,0.48799675885696986
Cincinnati,Florida St,0.48799675885696986
Cincinnati,Gonzaga,0.48799675885696986
Cincinnati,Iona,0.48799675885696986
Cincinnati,Iowa St,0.48799675885696986
Cincinnati,Jacksonville St,0.48799675885696986
Cincinnati,Kansas,0.48799675885696986
Cincinnati,Kansas St,0.48799675885696986
Cincinnati,Kent,0.48799675885696986
Cincinnati,Kentucky,0.48799675885696986
Cincinnati,Louisville,0.48799675885696986
Cincinnati,Marquette,0.48799675885696986
Cincinnati,Maryland,0.48799675885696986
Cincinnati,Miami FL,0.48799675885696986
Cincinnati,Michigan,0.48799675885696986
Cincinnati,Michigan St,0.48799675885696986
Cincinnati,Minnesota,0.48799675885696986
Cincinnati,Mt St Mary's,0.48799675885696986
Cincinnati,MTSU,0.48799675885696986
Cincinnati,N Kentucky,0.48799675885696986
Cincinnati,NC Central,0.48799675885696986
Cincinnati,Nevada,0.48799675885696986
Cincinnati,New Mexico St,0.48799675885696986
Cincinnati,New Orleans,0.48799675885696986
Cincinnati,North Carolina,0.48799675885696986
Cincinnati,North Dakota,0.48799675885696986
Cincinnati,Northwestern,0.48799675885696986
Cincinnati,Notre Dame,0.48799675885696986
Cincinnati,Oklahoma St,0.48799675885696986
Cincinnati,Oregon,0.48799675885696986
Cincinnati,Princeton,0.48799675885696986
Cincinnati,Providence,0.48799675885696986
Cincinnati,Purdue,0.48799675885696986
Cincinnati,Rhode Island,0.48799675885696986
Cincinnati,S Dakota St,0.48799675885696986
Cincinnati,Seton Hall,0.48799675885696986
Cincinnati,SMU,0.48799675885696986
Cincinnati,South Carolina,0.48799675885696986
Cincinnati,St Mary's CA,0.48799675885696986
Cincinnati,Troy,0.48799675885696986
Cincinnati,TX Southern,0.48799675885696986
Cincinnati,UC Davis,0.48799675885696986
Cincinnati,UCLA,0.48799675885696986
Cincinnati,UNC Wilmington,0.48799675885696986
Cincinnati,USC,0.48799675885696986
Cincinnati,VA Commonwealth,0.48799675885696986
Cincinnati,Vanderbilt,0.48799675885696986
Cincinnati,Vermont,0.48799675885696986
Cincinnati,Villanova,0.48799675885696986
Cincinnati,Virginia,0.48799675885696986
Cincinnati,Virginia Tech,0.48799675885696986
Cincinnati,Wake Forest,0.48799675885696986
Cincinnati,West Virginia,0.48799675885696986
Cincinnati,Wichita St,0.48799675885696986
Cincinnati,Winthrop,0.48799675885696986
Cincinnati,Wisconsin,0.48799675885696986
Cincinnati,Xavier,0.48799675885696986
Creighton,Dayton,0.48799675885696986
Creighton,Duke,0.48799675885696986
Creighton,ETSU,0.48799675885696986
Creighton,FL Gulf Coast,0.48799675885696986
Creighton,Florida,0.48799675885696986
Creighton,Florida St,0.48799675885696986
Creighton,Gonzaga,0.48799675885696986
Creighton,Iona,0.48799675885696986
Creighton,Iowa St,0.48799675885696986
Creighton,Jacksonville St,0.48799675885696986
Creighton,Kansas,0.48799675885696986
Creighton,Kansas St,0.48799675885696986
Creighton,Kent,0.48799675885696986
Creighton,Kentucky,0.48799675885696986
Creighton,Louisville,0.48799675885696986
Creighton,Marquette,0.48799675885696986
Creighton,Maryland,0.48799675885696986
Creighton,Miami FL,0.48799675885696986
Creighton,Michigan,0.48799675885696986
Creighton,Michigan St,0.48799675885696986
Creighton,Minnesota,0.48799675885696986
Creighton,Mt St Mary's,0.48799675885696986
Creighton,MTSU,0.48799675885696986
Creighton,N Kentucky,0.48799675885696986
Creighton,NC Central,0.48799675885696986
Creighton,Nevada,0.48799675885696986
Creighton,New Mexico St,0.48799675885696986
Creighton,New Orleans,0.48799675885696986
Creighton,North Carolina,0.48799675885696986
Creighton,North Dakota,0.48799675885696986
Creighton,Northwestern,0.48799675885696986
Creighton,Notre Dame,0.48799675885696986
Creighton,Oklahoma St,0.48799675885696986
Creighton,Oregon,0.48799675885696986
Creighton,Princeton,0.48799675885696986
Creighton,Providence,0.48799675885696986
Creighton,Purdue,0.48799675885696986
Creighton,Rhode Island,0.48799675885696986
Creighton,S Dakota St,0.48799675885696986
Creighton,Seton Hall,0.48799675885696986
Creighton,SMU,0.48799675885696986
Creighton,South Carolina,0.48799675885696986
Creighton,St Mary's CA,0.48799675885696986
Creighton,Troy,0.48799675885696986
Creighton,TX Southern,0.48799675885696986
Creighton,UC Davis,0.48799675885696986
Creighton,UCLA,0.48799675885696986
Creighton,UNC Wilmington,0.48799675885696986
Creighton,USC,0.48799675885696986
Creighton,VA Commonwealth,0.48799675885696986
Creighton,Vanderbilt,0.48799675885696986
Creighton,Vermont,0.48799675885696986
Creighton,Villanova,0.48799675885696986
Creighton,Virginia,0.48799675885696986
Creighton,Virginia Tech,0.48799675885696986
Creighton,Wake Forest,0.48799675885696986
Creighton,West Virginia,0.48799675885696986
Creighton,Wichita St,0.48799675885696986
Creighton,Winthrop,0.48799675885696986
Creighton,Wisconsin,0.48799675885696986
Creighton,Xavier,0.48799675885696986
Dayton,Duke,0.48799675885696986
Dayton,ETSU,0.48799675885696986
Dayton,FL Gulf Coast,0.48799675885696986
Dayton,Florida,0.48799675885696986
Dayton,Florida St,0.48799675885696986
Dayton,Gonzaga,0.48799675885696986
Dayton,Iona,0.48799675885696986
Dayton,Iowa St,0.48799675885696986
Dayton,Jacksonville St,0.48799675885696986
Dayton,Kansas,0.48799675885696986
Dayton,Kansas St,0.48799675885696986
Dayton,Kent,0.48799675885696986
Dayton,Kentucky,0.48799675885696986
Dayton,Louisville,0.48799675885696986
Dayton,Marquette,0.48799675885696986
Dayton,Maryland,0.48799675885696986
Dayton,Miami FL,0.48799675885696986
Dayton,Michigan,0.48799675885696986
Dayton,Michigan St,0.48799675885696986
Dayton,Minnesota,0.48799675885696986
Dayton,Mt St Mary's,0.48799675885696986
Dayton,MTSU,0.48799675885696986
Dayton,N Kentucky,0.48799675885696986
Dayton,NC Central,0.48799675885696986
Dayton,Nevada,0.48799675885696986
Dayton,New Mexico St,0.48799675885696986
Dayton,New Orleans,0.48799675885696986
Dayton,North Carolina,0.48799675885696986
Dayton,North Dakota,0.48799675885696986
Dayton,Northwestern,0.48799675885696986
Dayton,Notre Dame,0.48799675885696986
Dayton,Oklahoma St,0.48799675885696986
Dayton,Oregon,0.48799675885696986
Dayton,Princeton,0.48799675885696986
Dayton,Providence,0.48799675885696986
Dayton,Purdue,0.48799675885696986
Dayton,Rhode Island,0.48799675885696986
Dayton,S Dakota St,0.48799675885696986
Dayton,Seton Hall,0.48799675885696986
Dayton,SMU,0.48799675885696986
Dayton,South Carolina,0.48799675885696986
Dayton,St Mary's CA,0.48799675885696986
Dayton,Troy,0.48799675885696986
Dayton,TX Southern,0.48799675885696986
Dayton,UC Davis,0.48799675885696986
Dayton,UCLA,0.48799675885696986
Dayton,UNC Wilmington,0.48799675885696986
Dayton,USC,0.48799675885696986
Dayton,VA Commonwealth,0.48799675885696986
Dayton,Vanderbilt,0.48799675885696986
Dayton,Vermont,0.48799675885696986
Dayton,Villanova,0.48799675885696986
Dayton,Virginia,0.48799675885696986
Dayton,Virginia Tech,0.48799675885696986
Dayton,Wake Forest,0.48799675885696986
Dayton,West Virginia,0.48799675885696986
Dayton,Wichita St,0.48799675885696986
Dayton,Winthrop,0.48799675885696986
Dayton,Wisconsin,0.48799675885696986
Dayton,Xavier,0.48799675885696986
Duke,ETSU,0.48799675885696986
Duke,FL Gulf Coast,0.48799675885696986
Duke,Florida,0.48799675885696986
Duke,Florida St,0.48799675885696986
Duke,Gonzaga,0.48799675885696986
Duke,Iona,0.48799675885696986
Duke,Iowa St,0.48799675885696986
Duke,Jacksonville St,0.48799675885696986
Duke,Kansas,0.48799675885696986
Duke,Kansas St,0.48799675885696986
Duke,Kent,0.48799675885696986
Duke,Kentucky,0.48799675885696986
Duke,Louisville,0.48799675885696986
Duke,Marquette,0.48799675885696986
Duke,Maryland,0.48799675885696986
Duke,Miami FL,0.48799675885696986
Duke,Michigan,0.48799675885696986
Duke,Michigan St,0.48799675885696986
Duke,Minnesota,0.48799675885696986
Duke,Mt St Mary's,0.48799675885696986
Duke,MTSU,0.48799675885696986
Duke,N Kentucky,0.48799675885696986
Duke,NC Central,0.48799675885696986
Duke,Nevada,0.48799675885696986
Duke,New Mexico St,0.48799675885696986
Duke,New Orleans,0.48799675885696986
Duke,North Carolina,0.48799675885696986
Duke,North Dakota,0.48799675885696986
Duke,Northwestern,0.48799675885696986
Duke,Notre Dame,0.48799675885696986
Duke,Oklahoma St,0.48799675885696986
Duke,Oregon,0.48799675885696986
Duke,Princeton,0.48799675885696986
Duke,Providence,0.48799675885696986
Duke,Purdue,0.48799675885696986
Duke,Rhode Island,0.48799675885696986
Duke,S Dakota St,0.48799675885696986
Duke,Seton Hall,0.48799675885696986
Duke,SMU,0.48799675885696986
Duke,South Carolina,0.48799675885696986
Duke,St Mary's CA,0.48799675885696986
Duke,Troy,0.48799675885696986
Duke,TX Southern,0.48799675885696986
Duke,UC Davis,0.48799675885696986
Duke,UCLA,0.48799675885696986
Duke,UNC Wilmington,0.48799675885696986
Duke,USC,0.48799675885696986
Duke,VA Commonwealth,0.48799675885696986
Duke,Vanderbilt,0.48799675885696986
Duke,Vermont,0.48799675885696986
Duke,Villanova,0.48799675885696986
Duke,Virginia,0.48799675885696986
Duke,Virginia Tech,0.48799675885696986
Duke,Wake Forest,0.48799675885696986
Duke,West Virginia,0.48799675885696986
Duke,Wichita St,0.48799675885696986
Duke,Winthrop,0.48799675885696986
Duke,Wisconsin,0.48799675885696986
Duke,Xavier,0.48799675885696986
ETSU,FL Gulf Coast,0.48799675885696986
ETSU,Florida,0.48799675885696986
ETSU,Florida St,0.48799675885696986
ETSU,Gonzaga,0.48799675885696986
ETSU,Iona,0.48799675885696986
ETSU,Iowa St,0.48799675885696986
ETSU,Jacksonville St,0.48799675885696986
ETSU,Kansas,0.48799675885696986
ETSU,Kansas St,0.48799675885696986
ETSU,Kent,0.48799675885696986
ETSU,Kentucky,0.48799675885696986
ETSU,Louisville,0.48799675885696986
ETSU,Marquette,0.48799675885696986
ETSU,Maryland,0.48799675885696986
ETSU,Miami FL,0.48799675885696986
ETSU,Michigan,0.48799675885696986
ETSU,Michigan St,0.48799675885696986
ETSU,Minnesota,0.48799675885696986
ETSU,Mt St Mary's,0.48799675885696986
ETSU,MTSU,0.48799675885696986
ETSU,N Kentucky,0.48799675885696986
ETSU,NC Central,0.48799675885696986
ETSU,Nevada,0.48799675885696986
ETSU,New Mexico St,0.48799675885696986
ETSU,New Orleans,0.48799675885696986
ETSU,North Carolina,0.48799675885696986
ETSU,North Dakota,0.48799675885696986
ETSU,Northwestern,0.48799675885696986
ETSU,Notre Dame,0.48799675885696986
ETSU,Oklahoma St,0.48799675885696986
ETSU,Oregon,0.48799675885696986
ETSU,Princeton,0.48799675885696986
ETSU,Providence,0.48799675885696986
ETSU,Purdue,0.48799675885696986
ETSU,Rhode Island,0.48799675885696986
ETSU,S Dakota St,0.48799675885696986
ETSU,Seton Hall,0.48799675885696986
ETSU,SMU,0.48799675885696986
ETSU,South Carolina,0.48799675885696986
ETSU,St Mary's CA,0.48799675885696986
ETSU,Troy,0.48799675885696986
ETSU,TX Southern,0.48799675885696986
ETSU,UC Davis,0.48799675885696986
ETSU,UCLA,0.48799675885696986
ETSU,UNC Wilmington,0.48799675885696986
ETSU,USC,0.48799675885696986
ETSU,VA Commonwealth,0.48799675885696986
ETSU,Vanderbilt,0.48799675885696986
ETSU,Vermont,0.48799675885696986
ETSU,Villanova,0.48799675885696986
ETSU,Virginia,0.48799675885696986
ETSU,Virginia Tech,0.48799675885696986
ETSU,Wake Forest,0.48799675885696986
ETSU,West Virginia,0.48799675885696986
ETSU,Wichita St,0.48799675885696986
ETSU,Winthrop,0.48799675885696986
ETSU,Wisconsin,0.48799675885696986
ETSU,Xavier,0.48799675885696986
FL Gulf Coast,Florida,0.48799675885696986
FL Gulf Coast,Florida St,0.48799675885696986
FL Gulf Coast,Gonzaga,0.48799675885696986
FL Gulf Coast,Iona,0.48799675885696986
FL Gulf Coast,Iowa St,0.48799675885696986
FL Gulf Coast,Jacksonville St,0.48799675885696986
FL Gulf Coast,Kansas,0.48799675885696986
FL Gulf Coast,Kansas St,0.48799675885696986
FL Gulf Coast,Kent,0.48799675885696986
FL Gulf Coast,Kentucky,0.48799675885696986
FL Gulf Coast,Louisville,0.48799675885696986
FL Gulf Coast,Marquette,0.48799675885696986
FL Gulf Coast,Maryland,0.48799675885696986
FL Gulf Coast,Miami FL,0.48799675885696986
FL Gulf Coast,Michigan,0.48799675885696986
FL Gulf Coast,Michigan St,0.48799675885696986
FL Gulf Coast,Minnesota,0.48799675885696986
FL Gulf Coast,Mt St Mary's,0.48799675885696986
FL Gulf Coast,MTSU,0.48799675885696986
FL Gulf Coast,N Kentucky,0.48799675885696986
FL Gulf Coast,NC Central,0.48799675885696986
FL Gulf Coast,Nevada,0.48799675885696986
FL Gulf Coast,New Mexico St,0.48799675885696986
FL Gulf Coast,New Orleans,0.48799675885696986
FL Gulf Coast,North Carolina,0.48799675885696986
FL Gulf Coast,North Dakota,0.48799675885696986
FL Gulf Coast,Northwestern,0.48799675885696986
FL Gulf Coast,Notre Dame,0.48799675885696986
FL Gulf Coast,Oklahoma St,0.48799675885696986
FL Gulf Coast,Oregon,0.48799675885696986
FL Gulf Coast,Princeton,0.48799675885696986
FL Gulf Coast,Providence,0.48799675885696986
FL Gulf Coast,Purdue,0.48799675885696986
FL Gulf Coast,Rhode Island,0.48799675885696986
FL Gulf Coast,S Dakota St,0.48799675885696986
FL Gulf Coast,Seton Hall,0.48799675885696986
FL Gulf Coast,SMU,0.48799675885696986
FL Gulf Coast,South Carolina,0.48799675885696986
FL Gulf Coast,St Mary's CA,0.48799675885696986
FL Gulf Coast,Troy,0.48799675885696986
FL Gulf Coast,TX Southern,0.48799675885696986
FL Gulf Coast,UC Davis,0.48799675885696986
FL Gulf Coast,UCLA,0.48799675885696986
FL Gulf Coast,UNC Wilmington,0.48799675885696986
FL Gulf Coast,USC,0.48799675885696986
FL Gulf Coast,VA Commonwealth,0.48799675885696986
FL Gulf Coast,Vanderbilt,0.48799675885696986
FL Gulf Coast,Vermont,0.48799675885696986
FL Gulf Coast,Villanova,0.48799675885696986
FL Gulf Coast,Virginia,0.48799675885696986
FL Gulf Coast,Virginia Tech,0.48799675885696986
FL Gulf Coast,Wake Forest,0.48799675885696986
FL Gulf Coast,West Virginia,0.48799675885696986
FL Gulf Coast,Wichita St,0.48799675885696986
FL Gulf Coast,Winthrop,0.48799675885696986
FL Gulf Coast,Wisconsin,0.48799675885696986
FL Gulf Coast,Xavier,0.48799675885696986
Florida,Florida St,0.48799675885696986
Florida,Gonzaga,0.48799675885696986
Florida,Iona,0.48799675885696986
Florida,Iowa St,0.48799675885696986
Florida,Jacksonville St,0.48799675885696986
Florida,Kansas,0.48799675885696986
Florida,Kansas St,0.48799675885696986
Florida,Kent,0.48799675885696986
Florida,Kentucky,0.48799675885696986
Florida,Louisville,0.48799675885696986
Florida,Marquette,0.48799675885696986
Florida,Maryland,0.48799675885696986
Florida,Miami FL,0.48799675885696986
Florida,Michigan,0.48799675885696986
Florida,Michigan St,0.48799675885696986
Florida,Minnesota,0.48799675885696986
Florida,Mt St Mary's,0.48799675885696986
Florida,MTSU,0.48799675885696986
Florida,N Kentucky,0.48799675885696986
Florida,NC Central,0.48799675885696986
Florida,Nevada,0.48799675885696986
Florida,New Mexico St,0.48799675885696986
Florida,New Orleans,0.48799675885696986
Florida,North Carolina,0.48799675885696986
Florida,North Dakota,0.48799675885696986
Florida,Northwestern,0.48799675885696986
Florida,Notre Dame,0.48799675885696986
Florida,Oklahoma St,0.48799675885696986
Florida,Oregon,0.48799675885696986
Florida,Princeton,0.48799675885696986
Florida,Providence,0.48799675885696986
Florida,Purdue,0.48799675885696986
Florida,Rhode Island,0.48799675885696986
Florida,S Dakota St,0.48799675885696986
Florida,Seton Hall,0.48799675885696986
Florida,SMU,0.48799675885696986
Florida,South Carolina,0.48799675885696986
Florida,St Mary's CA,0.48799675885696986
Florida,Troy,0.48799675885696986
Florida,TX Southern,0.48799675885696986
Florida,UC Davis,0.48799675885696986
Florida,UCLA,0.48799675885696986
Florida,UNC Wilmington,0.48799675885696986
Florida,USC,0.48799675885696986
Florida,VA Commonwealth,0.48799675885696986
Florida,Vanderbilt,0.48799675885696986
Florida,Vermont,0.48799675885696986
Florida,Villanova,0.48799675885696986
Florida,Virginia,0.48799675885696986
Florida,Virginia Tech,0.48799675885696986
Florida,Wake Forest,0.48799675885696986
Florida,West Virginia,0.48799675885696986
Florida,Wichita St,0.48799675885696986
Florida,Winthrop,0.48799675885696986
Florida,Wisconsin,0.48799675885696986
Florida,Xavier,0.48799675885696986
Florida St,Gonzaga,0.48799675885696986
Florida St,Iona,0.48799675885696986
Florida St,Iowa St,0.48799675885696986
Florida St,Jacksonville St,0.48799675885696986
Florida St,Kansas,0.48799675885696986
Florida St,Kansas St,0.48799675885696986
Florida St,Kent,0.48799675885696986
Florida St,Kentucky,0.48799675885696986
Florida St,Louisville,0.48799675885696986
Florida St,Marquette,0.48799675885696986
Florida St,Maryland,0.48799675885696986
Florida St,Miami FL,0.48799675885696986
Florida St,Michigan,0.48799675885696986
Florida St,Michigan St,0.48799675885696986
Florida St,Minnesota,0.48799675885696986
Florida St,Mt St Mary's,0.48799675885696986
Florida St,MTSU,0.48799675885696986
Florida St,N Kentucky,0.48799675885696986
Florida St,NC Central,0.48799675885696986
Florida St,Nevada,0.48799675885696986
Florida St,New Mexico St,0.48799675885696986
Florida St,New Orleans,0.48799675885696986
Florida St,North Carolina,0.48799675885696986
Florida St,North Dakota,0.48799675885696986
Florida St,Northwestern,0.48799675885696986
Florida St,Notre Dame,0.48799675885696986
Florida St,Oklahoma St,0.48799675885696986
Florida St,Oregon,0.48799675885696986
Florida St,Princeton,0.48799675885696986
Florida St,Providence,0.48799675885696986
Florida St,Purdue,0.48799675885696986
Florida St,Rhode Island,0.48799675885696986
Florida St,S Dakota St,0.48799675885696986
Florida St,Seton Hall,0.48799675885696986
Florida St,SMU,0.48799675885696986
Florida St,South Carolina,0.48799675885696986
Florida St,St Mary's CA,0.48799675885696986
Florida St,Troy,0.48799675885696986
Florida St,TX Southern,0.48799675885696986
Florida St,UC Davis,0.48799675885696986
Florida St,UCLA,0.48799675885696986
Florida St,UNC Wilmington,0.48799675885696986
Florida St,USC,0.48799675885696986
Florida St,VA Commonwealth,0.48799675885696986
Florida St,Vanderbilt,0.48799675885696986
Florida St,Vermont,0.48799675885696986
Florida St,Villanova,0.48799675885696986
Florida St,Virginia,0.48799675885696986
Florida St,Virginia Tech,0.48799675885696986
Florida St,Wake Forest,0.48799675885696986
Florida St,West Virginia,0.48799675885696986
Florida St,Wichita St,0.48799675885696986
Florida St,Winthrop,0.48799675885696986
Florida St,Wisconsin,0.48799675885696986
Florida St,Xavier,0.48799675885696986
Gonzaga,Iona,0.48799675885696986
Gonzaga,Iowa St,0.48799675885696986
Gonzaga,Jacksonville St,0.48799675885696986
Gonzaga,Kansas,0.48799675885696986
Gonzaga,Kansas St,0.48799675885696986
Gonzaga,Kent,0.48799675885696986
Gonzaga,Kentucky,0.48799675885696986
Gonzaga,Louisville,0.48799675885696986
Gonzaga,Marquette,0.48799675885696986
Gonzaga,Maryland,0.48799675885696986
Gonzaga,Miami FL,0.48799675885696986
Gonzaga,Michigan,0.48799675885696986
Gonzaga,Michigan St,0.48799675885696986
Gonzaga,Minnesota,0.48799675885696986
Gonzaga,Mt St Mary's,0.48799675885696986
Gonzaga,MTSU,0.48799675885696986
Gonzaga,N Kentucky,0.48799675885696986
Gonzaga,NC Central,0.48799675885696986
Gonzaga,Nevada,0.48799675885696986
Gonzaga,New Mexico St,0.48799675885696986
Gonzaga,New Orleans,0.48799675885696986
Gonzaga,North Carolina,0.48799675885696986
Gonzaga,North Dakota,0.48799675885696986
Gonzaga,Northwestern,0.48799675885696986
Gonzaga,Notre Dame,0.48799675885696986
Gonzaga,Oklahoma St,0.48799675885696986
Gonzaga,Oregon,0.48799675885696986
Gonzaga,Princeton,0.48799675885696986
Gonzaga,Providence,0.48799675885696986
Gonzaga,Purdue,0.48799675885696986
Gonzaga,Rhode Island,0.48799675885696986
Gonzaga,S Dakota St,0.48799675885696986
Gonzaga,Seton Hall,0.48799675885696986
Gonzaga,SMU,0.48799675885696986
Gonzaga,South Carolina,0.48799675885696986
Gonzaga,St Mary's CA,0.48799675885696986
Gonzaga,Troy,0.48799675885696986
Gonzaga,TX Southern,0.48799675885696986
Gonzaga,UC Davis,0.48799675885696986
Gonzaga,UCLA,0.48799675885696986
Gonzaga,UNC Wilmington,0.48799675885696986
Gonzaga,USC,0.48799675885696986
Gonzaga,VA Commonwealth,0.48799675885696986
Gonzaga,Vanderbilt,0.48799675885696986
Gonzaga,Vermont,0.48799675885696986
Gonzaga,Villanova,0.48799675885696986
Gonzaga,Virginia,0.48799675885696986
Gonzaga,Virginia Tech,0.48799675885696986
Gonzaga,Wake Forest,0.48799675885696986
Gonzaga,West Virginia,0.48799675885696986
Gonzaga,Wichita St,0.48799675885696986
Gonzaga,Winthrop,0.48799675885696986
Gonzaga,Wisconsin,0.48799675885696986
Gonzaga,Xavier,0.48799675885696986
Iona,Iowa St,0.48799675885696986
Iona,Jacksonville St,0.48799675885696986
Iona,Kansas,0.48799675885696986
Iona,Kansas St,0.48799675885696986
Iona,Kent,0.48799675885696986
Iona,Kentucky,0.48799675885696986
Iona,Louisville,0.48799675885696986
Iona,Marquette,0.48799675885696986
Iona,Maryland,0.48799675885696986
Iona,Miami FL,0.48799675885696986
Iona,Michigan,0.48799675885696986
Iona,Michigan St,0.48799675885696986
Iona,Minnesota,0.48799675885696986
Iona,Mt St Mary's,0.48799675885696986
Iona,MTSU,0.48799675885696986
Iona,N Kentucky,0.48799675885696986
Iona,NC Central,0.48799675885696986
Iona,Nevada,0.48799675885696986
Iona,New Mexico St,0.48799675885696986
Iona,New Orleans,0.48799675885696986
Iona,North Carolina,0.48799675885696986
Iona,North Dakota,0.48799675885696986
Iona,Northwestern,0.48799675885696986
Iona,Notre Dame,0.48799675885696986
Iona,Oklahoma St,0.48799675885696986
Iona,Oregon,0.48799675885696986
Iona,Princeton,0.48799675885696986
Iona,Providence,0.48799675885696986
Iona,Purdue,0.48799675885696986
Iona,Rhode Island,0.48799675885696986
Iona,S Dakota St,0.48799675885696986
Iona,Seton Hall,0.48799675885696986
Iona,SMU,0.48799675885696986
Iona,South Carolina,0.48799675885696986
Iona,St Mary's CA,0.48799675885696986
Iona,Troy,0.48799675885696986
Iona,TX Southern,0.48799675885696986
Iona,UC Davis,0.48799675885696986
Iona,UCLA,0.48799675885696986
Iona,UNC Wilmington,0.48799675885696986
Iona,USC,0.48799675885696986
Iona,VA Commonwealth,0.48799675885696986
Iona,Vanderbilt,0.48799675885696986
Iona,Vermont,0.48799675885696986
Iona,Villanova,0.48799675885696986
Iona,Virginia,0.48799675885696986
Iona,Virginia Tech,0.48799675885696986
Iona,Wake Forest,0.48799675885696986
Iona,West Virginia,0.48799675885696986
Iona,Wichita St,0.48799675885696986
Iona,Winthrop,0.48799675885696986
Iona,Wisconsin,0.48799675885696986
Iona,Xavier,0.48799675885696986
Iowa St,Jacksonville St,0.48799675885696986
Iowa St,Kansas,0.48799675885696986
Iowa St,Kansas St,0.48799675885696986
Iowa St,Kent,0.48799675885696986
Iowa St,Kentucky,0.48799675885696986
Iowa St,Louisville,0.48799675885696986
Iowa St,Marquette,0.48799675885696986
Iowa St,Maryland,0.48799675885696986
Iowa St,Miami FL,0.48799675885696986
Iowa St,Michigan,0.48799675885696986
Iowa St,Michigan St,0.48799675885696986
Iowa St,Minnesota,0.48799675885696986
Iowa St,Mt St Mary's,0.48799675885696986
Iowa St,MTSU,0.48799675885696986
Iowa St,N Kentucky,0.48799675885696986
Iowa St,NC Central,0.48799675885696986
Iowa St,Nevada,0.48799675885696986
Iowa St,New Mexico St,0.48799675885696986
Iowa St,New Orleans,0.48799675885696986
Iowa St,North Carolina,0.48799675885696986
Iowa St,North Dakota,0.48799675885696986
Iowa St,Northwestern,0.48799675885696986
Iowa St,Notre Dame,0.48799675885696986
Iowa St,Oklahoma St,0.48799675885696986
Iowa St,Oregon,0.48799675885696986
Iowa St,Princeton,0.48799675885696986
Iowa St,Providence,0.48799675885696986
Iowa St,Purdue,0.48799675885696986
Iowa St,Rhode Island,0.48799675885696986
Iowa St,S Dakota St,0.48799675885696986
Iowa St,Seton Hall,0.48799675885696986
Iowa St,SMU,0.48799675885696986
Iowa St,South Carolina,0.48799675885696986
Iowa St,St Mary's CA,0.48799675885696986
Iowa St,Troy,0.48799675885696986
Iowa St,TX Southern,0.48799675885696986
Iowa St,UC Davis,0.48799675885696986
Iowa St,UCLA,0.48799675885696986
Iowa St,UNC Wilmington,0.48799675885696986
Iowa St,USC,0.48799675885696986
Iowa St,VA Commonwealth,0.48799675885696986
Iowa St,Vanderbilt,0.48799675885696986
Iowa St,Vermont,0.48799675885696986
Iowa St,Villanova,0.48799675885696986
Iowa St,Virginia,0.48799675885696986
Iowa St,Virginia Tech,0.48799675885696986
Iowa St,Wake Forest,0.48799675885696986
Iowa St,West Virginia,0.48799675885696986
Iowa St,Wichita St,0.48799675885696986
Iowa St,Winthrop,0.48799675885696986
Iowa St,Wisconsin,0.48799675885696986
Iowa St,Xavier,0.48799675885696986
Jacksonville St,Kansas,0.48799675885696986
Jacksonville St,Kansas St,0.48799675885696986
Jacksonville St,Kent,0.48799675885696986
Jacksonville St,Kentucky,0.48799675885696986
Jacksonville St,Louisville,0.48799675885696986
Jacksonville St,Marquette,0.48799675885696986
Jacksonville St,Maryland,0.48799675885696986
Jacksonville St,Miami FL,0.48799675885696986
Jacksonville St,Michigan,0.48799675885696986
Jacksonville St,Michigan St,0.48799675885696986
Jacksonville St,Minnesota,0.48799675885696986
Jacksonville St,Mt St Mary's,0.48799675885696986
Jacksonville St,MTSU,0.48799675885696986
Jacksonville St,N Kentucky,0.48799675885696986
Jacksonville St,NC Central,0.48799675885696986
Jacksonville St,Nevada,0.48799675885696986
Jacksonville St,New Mexico St,0.48799675885696986
Jacksonville St,New Orleans,0.48799675885696986
Jacksonville St,North Carolina,0.48799675885696986
Jacksonville St,North Dakota,0.48799675885696986
Jacksonville St,Northwestern,0.48799675885696986
Jacksonville St,Notre Dame,0.48799675885696986
Jacksonville St,Oklahoma St,0.48799675885696986
Jacksonville St,Oregon,0.48799675885696986
Jacksonville St,Princeton,0.48799675885696986
Jacksonville St,Providence,0.48799675885696986
Jacksonville St,Purdue,0.48799675885696986
Jacksonville St,Rhode Island,0.48799675885696986
Jacksonville St,S Dakota St,0.48799675885696986
Jacksonville St,Seton Hall,0.48799675885696986
Jacksonville St,SMU,0.48799675885696986
Jacksonville St,South Carolina,0.48799675885696986
Jacksonville St,St Mary's CA,0.48799675885696986
Jacksonville St,Troy,0.48799675885696986
Jacksonville St,TX Southern,0.48799675885696986
Jacksonville St,UC Davis,0.48799675885696986
Jacksonville St,UCLA,0.48799675885696986
Jacksonville St,UNC Wilmington,0.48799675885696986
Jacksonville St,USC,0.48799675885696986
Jacksonville St,VA Commonwealth,0.48799675885696986
Jacksonville St,Vanderbilt,0.48799675885696986
Jacksonville St,Vermont,0.48799675885696986
Jacksonville St,Villanova,0.48799675885696986
Jacksonville St,Virginia,0.48799675885696986
Jacksonville St,Virginia Tech,0.48799675885696986
Jacksonville St,Wake Forest,0.48799675885696986
Jacksonville St,West Virginia,0.48799675885696986
Jacksonville St,Wichita St,0.48799675885696986
Jacksonville St,Winthrop,0.48799675885696986
Jacksonville St,Wisconsin,0.48799675885696986
Jacksonville St,Xavier,0.48799675885696986
Kansas,Kansas St,0.48799675885696986
Kansas,Kent,0.48799675885696986
Kansas,Kentucky,0.48799675885696986
Kansas,Louisville,0.48799675885696986
Kansas,Marquette,0.48799675885696986
Kansas,Maryland,0.48799675885696986
Kansas,Miami FL,0.48799675885696986
Kansas,Michigan,0.48799675885696986
Kansas,Michigan St,0.48799675885696986
Kansas,Minnesota,0.48799675885696986
Kansas,Mt St Mary's,0.48799675885696986
Kansas,MTSU,0.48799675885696986
Kansas,N Kentucky,0.48799675885696986
Kansas,NC Central,0.48799675885696986
Kansas,Nevada,0.48799675885696986
Kansas,New Mexico St,0.48799675885696986
Kansas,New Orleans,0.48799675885696986
Kansas,North Carolina,0.48799675885696986
Kansas,North Dakota,0.48799675885696986
Kansas,Northwestern,0.48799675885696986
Kansas,Notre Dame,0.48799675885696986
Kansas,Oklahoma St,0.48799675885696986
Kansas,Oregon,0.48799675885696986
Kansas,Princeton,0.48799675885696986
Kansas,Providence,0.48799675885696986
Kansas,Purdue,0.48799675885696986
Kansas,Rhode Island,0.48799675885696986
Kansas,S Dakota St,0.48799675885696986
Kansas,Seton Hall,0.48799675885696986
Kansas,SMU,0.48799675885696986
Kansas,South Carolina,0.48799675885696986
Kansas,St Mary's CA,0.48799675885696986
Kansas,Troy,0.48799675885696986
Kansas,TX Southern,0.48799675885696986
Kansas,UC Davis,0.48799675885696986
Kansas,UCLA,0.48799675885696986
Kansas,UNC Wilmington,0.48799675885696986
Kansas,USC,0.48799675885696986
Kansas,VA Commonwealth,0.48799675885696986
Kansas,Vanderbilt,0.48799675885696986
Kansas,Vermont,0.48799675885696986
Kansas,Villanova,0.48799675885696986
Kansas,Virginia,0.48799675885696986
Kansas,Virginia Tech,0.48799675885696986
Kansas,Wake Forest,0.48799675885696986
Kansas,West Virginia,0.48799675885696986
Kansas,Wichita St,0.48799675885696986
Kansas,Winthrop,0.48799675885696986
Kansas,Wisconsin,0.48799675885696986
Kansas,Xavier,0.48799675885696986
Kansas St,Kent,0.48799675885696986
Kansas St,Kentucky,0.48799675885696986
Kansas St,Louisville,0.48799675885696986
Kansas St,Marquette,0.48799675885696986
Kansas St,Maryland,0.48799675885696986
Kansas St,Miami FL,0.48799675885696986
Kansas St,Michigan,0.48799675885696986
Kansas St,Michigan St,0.48799675885696986
Kansas St,Minnesota,0.48799675885696986
Kansas St,Mt St Mary's,0.48799675885696986
Kansas St,MTSU,0.48799675885696986
Kansas St,N Kentucky,0.48799675885696986
Kansas St,NC Central,0.48799675885696986
Kansas St,Nevada,0.48799675885696986
Kansas St,New Mexico St,0.48799675885696986
Kansas St,New Orleans,0.48799675885696986
Kansas St,North Carolina,0.48799675885696986
Kansas St,North Dakota,0.48799675885696986
Kansas St,Northwestern,0.48799675885696986
Kansas St,Notre Dame,0.48799675885696986
Kansas St,Oklahoma St,0.48799675885696986
Kansas St,Oregon,0.48799675885696986
Kansas St,Princeton,0.48799675885696986
Kansas St,Providence,0.48799675885696986
Kansas St,Purdue,0.48799675885696986
Kansas St,Rhode Island,0.48799675885696986
Kansas St,S Dakota St,0.48799675885696986
Kansas St,Seton Hall,0.48799675885696986
Kansas St,SMU,0.48799675885696986
Kansas St,South Carolina,0.48799675885696986
Kansas St,St Mary's CA,0.48799675885696986
Kansas St,Troy,0.48799675885696986
Kansas St,TX Southern,0.48799675885696986
Kansas St,UC Davis,0.48799675885696986
Kansas St,UCLA,0.48799675885696986
Kansas St,UNC Wilmington,0.48799675885696986
Kansas St,USC,0.48799675885696986
Kansas St,VA Commonwealth,0.48799675885696986
Kansas St,Vanderbilt,0.48799675885696986
Kansas St,Vermont,0.48799675885696986
Kansas St,Villanova,0.48799675885696986
Kansas St,Virginia,0.48799675885696986
Kansas St,Virginia Tech,0.48799675885696986
Kansas St,Wake Forest,0.48799675885696986
Kansas St,West Virginia,0.48799675885696986
Kansas St,Wichita St,0.48799675885696986
Kansas St,Winthrop,0.48799675885696986
Kansas St,Wisconsin,0.48799675885696986
Kansas St,Xavier,0.48799675885696986
Kent,Kentucky,0.48799675885696986
Kent,Louisville,0.48799675885696986
Kent,Marquette,0.48799675885696986
Kent,Maryland,0.48799675885696986
Kent,Miami FL,0.48799675885696986
Kent,Michigan,0.48799675885696986
Kent,Michigan St,0.48799675885696986
Kent,Minnesota,0.48799675885696986
Kent,Mt St Mary's,0.48799675885696986
Kent,MTSU,0.48799675885696986
Kent,N Kentucky,0.48799675885696986
Kent,NC Central,0.48799675885696986
Kent,Nevada,0.48799675885696986
Kent,New Mexico St,0.48799675885696986
Kent,New Orleans,0.48799675885696986
Kent,North Carolina,0.48799675885696986
Kent,North Dakota,0.48799675885696986
Kent,Northwestern,0.48799675885696986
Kent,Notre Dame,0.48799675885696986
Kent,Oklahoma St,0.48799675885696986
Kent,Oregon,0.48799675885696986
Kent,Princeton,0.48799675885696986
Kent,Providence,0.48799675885696986
Kent,Purdue,0.48799675885696986
Kent,Rhode Island,0.48799675885696986
Kent,S Dakota St,0.48799675885696986
Kent,Seton Hall,0.48799675885696986
Kent,SMU,0.48799675885696986
Kent,South Carolina,0.48799675885696986
Kent,St Mary's CA,0.48799675885696986
Kent,Troy,0.48799675885696986
Kent,TX Southern,0.48799675885696986
Kent,UC Davis,0.48799675885696986
Kent,UCLA,0.48799675885696986
Kent,UNC Wilmington,0.48799675885696986
Kent,USC,0.48799675885696986
Kent,VA Commonwealth,0.48799675885696986
Kent,Vanderbilt,0.48799675885696986
Kent,Vermont,0.48799675885696986
Kent,Villanova,0.48799675885696986
Kent,Virginia,0.48799675885696986
Kent,Virginia Tech,0.48799675885696986
Kent,Wake Forest,0.48799675885696986
Kent,West Virginia,0.48799675885696986
Kent,Wichita St,0.48799675885696986
Kent,Winthrop,0.48799675885696986
Kent,Wisconsin,0.48799675885696986
Kent,Xavier,0.48799675885696986
Kentucky,Louisville,0.48799675885696986
Kentucky,Marquette,0.48799675885696986
Kentucky,Maryland,0.48799675885696986
Kentucky,Miami FL,0.48799675885696986
Kentucky,Michigan,0.48799675885696986
Kentucky,Michigan St,0.48799675885696986
Kentucky,Minnesota,0.48799675885696986
Kentucky,Mt St Mary's,0.48799675885696986
Kentucky,MTSU,0.48799675885696986
Kentucky,N Kentucky,0.48799675885696986
Kentucky,NC Central,0.48799675885696986
Kentucky,Nevada,0.48799675885696986
Kentucky,New Mexico St,0.48799675885696986
Kentucky,New Orleans,0.48799675885696986
Kentucky,North Carolina,0.48799675885696986
Kentucky,North Dakota,0.48799675885696986
Kentucky,Northwestern,0.48799675885696986
Kentucky,Notre Dame,0.48799675885696986
Kentucky,Oklahoma St,0.48799675885696986
Kentucky,Oregon,0.48799675885696986
Kentucky,Princeton,0.48799675885696986
Kentucky,Providence,0.48799675885696986
Kentucky,Purdue,0.48799675885696986
Kentucky,Rhode Island,0.48799675885696986
Kentucky,S Dakota St,0.48799675885696986
Kentucky,Seton Hall,0.48799675885696986
Kentucky,SMU,0.48799675885696986
Kentucky,South Carolina,0.48799675885696986
Kentucky,St Mary's CA,0.48799675885696986
Kentucky,Troy,0.48799675885696986
Kentucky,TX Southern,0.48799675885696986
Kentucky,UC Davis,0.48799675885696986
Kentucky,UCLA,0.48799675885696986
Kentucky,UNC Wilmington,0.48799675885696986
Kentucky,USC,0.48799675885696986
Kentucky,VA Commonwealth,0.48799675885696986
Kentucky,Vanderbilt,0.48799675885696986
Kentucky,Vermont,0.48799675885696986
Kentucky,Villanova,0.48799675885696986
Kentucky,Virginia,0.48799675885696986
Kentucky,Virginia Tech,0.48799675885696986
Kentucky,Wake Forest,0.48799675885696986
Kentucky,West Virginia,0.48799675885696986
Kentucky,Wichita St,0.48799675885696986
Kentucky,Winthrop,0.48799675885696986
Kentucky,Wisconsin,0.48799675885696986
Kentucky,Xavier,0.48799675885696986
Louisville,Marquette,0.48799675885696986
Louisville,Maryland,0.48799675885696986
Louisville,Miami FL,0.48799675885696986
Louisville,Michigan,0.48799675885696986
Louisville,Michigan St,0.48799675885696986
Louisville,Minnesota,0.48799675885696986
Louisville,Mt St Mary's,0.48799675885696986
Louisville,MTSU,0.48799675885696986
Louisville,N Kentucky,0.48799675885696986
Louisville,NC Central,0.48799675885696986
Louisville,Nevada,0.48799675885696986
Louisville,New Mexico St,0.48799675885696986
Louisville,New Orleans,0.48799675885696986
Louisville,North Carolina,0.48799675885696986
Louisville,North Dakota,0.48799675885696986
Louisville,Northwestern,0.48799675885696986
Louisville,Notre Dame,0.48799675885696986
Louisville,Oklahoma St,0.48799675885696986
Louisville,Oregon,0.48799675885696986
Louisville,Princeton,0.48799675885696986
Louisville,Providence,0.48799675885696986
Louisville,Purdue,0.48799675885696986
Louisville,Rhode Island,0.48799675885696986
Louisville,S Dakota St,0.48799675885696986
Louisville,Seton Hall,0.48799675885696986
Louisville,SMU,0.48799675885696986
Louisville,South Carolina,0.48799675885696986
Louisville,St Mary's CA,0.48799675885696986
Louisville,Troy,0.48799675885696986
Louisville,TX Southern,0.48799675885696986
Louisville,UC Davis,0.48799675885696986
Louisville,UCLA,0.48799675885696986
Louisville,UNC Wilmington,0.48799675885696986
Louisville,USC,0.48799675885696986
Louisville,VA Commonwealth,0.48799675885696986
Louisville,Vanderbilt,0.48799675885696986
Louisville,Vermont,0.48799675885696986
Louisville,Villanova,0.48799675885696986
Louisville,Virginia,0.48799675885696986
Louisville,Virginia Tech,0.48799675885696986
Louisville,Wake Forest,0.48799675885696986
Louisville,West Virginia,0.48799675885696986
Louisville,Wichita St,0.48799675885696986
Louisville,Winthrop,0.48799675885696986
Louisville,Wisconsin,0.48799675885696986
Louisville,Xavier,0.48799675885696986
Marquette,Maryland,0.48799675885696986
Marquette,Miami FL,0.48799675885696986
Marquette,Michigan,0.48799675885696986
Marquette,Michigan St,0.48799675885696986
Marquette,Minnesota,0.48799675885696986
Marquette,Mt St Mary's,0.48799675885696986
Marquette,MTSU,0.48799675885696986
Marquette,N Kentucky,0.48799675885696986
Marquette,NC Central,0.48799675885696986
Marquette,Nevada,0.48799675885696986
Marquette,New Mexico St,0.48799675885696986
Marquette,New Orleans,0.48799675885696986
Marquette,North Carolina,0.48799675885696986
Marquette,North Dakota,0.48799675885696986
Marquette,Northwestern,0.48799675885696986
Marquette,Notre Dame,0.48799675885696986
Marquette,Oklahoma St,0.48799675885696986
Marquette,Oregon,0.48799675885696986
Marquette,Princeton,0.48799675885696986
Marquette,Providence,0.48799675885696986
Marquette,Purdue,0.48799675885696986
Marquette,Rhode Island,0.48799675885696986
Marquette,S Dakota St,0.48799675885696986
Marquette,Seton Hall,0.48799675885696986
Marquette,SMU,0.48799675885696986
Marquette,South Carolina,0.48799675885696986
Marquette,St Mary's CA,0.48799675885696986
Marquette,Troy,0.48799675885696986
Marquette,TX Southern,0.48799675885696986
Marquette,UC Davis,0.48799675885696986
Marquette,UCLA,0.48799675885696986
Marquette,UNC Wilmington,0.48799675885696986
Marquette,USC,0.48799675885696986
Marquette,VA Commonwealth,0.48799675885696986
Marquette,Vanderbilt,0.48799675885696986
Marquette,Vermont,0.48799675885696986
Marquette,Villanova,0.48799675885696986
Marquette,Virginia,0.48799675885696986
Marquette,Virginia Tech,0.48799675885696986
Marquette,Wake Forest,0.48799675885696986
Marquette,West Virginia,0.48799675885696986
Marquette,Wichita St,0.48799675885696986
Marquette,Winthrop,0.48799675885696986
Marquette,Wisconsin,0.48799675885696986
Marquette,Xavier,0.48799675885696986
Maryland,Miami FL,0.48799675885696986
Maryland,Michigan,0.48799675885696986
Maryland,Michigan St,0.48799675885696986
Maryland,Minnesota,0.48799675885696986
Maryland,Mt St Mary's,0.48799675885696986
Maryland,MTSU,0.48799675885696986
Maryland,N Kentucky,0.48799675885696986
Maryland,NC Central,0.48799675885696986
Maryland,Nevada,0.48799675885696986
Maryland,New Mexico St,0.48799675885696986
Maryland,New Orleans,0.48799675885696986
Maryland,North Carolina,0.48799675885696986
Maryland,North Dakota,0.48799675885696986
Maryland,Northwestern,0.48799675885696986
Maryland,Notre Dame,0.48799675885696986
Maryland,Oklahoma St,0.48799675885696986
Maryland,Oregon,0.48799675885696986
Maryland,Princeton,0.48799675885696986
Maryland,Providence,0.48799675885696986
Maryland,Purdue,0.48799675885696986
Maryland,Rhode Island,0.48799675885696986
Maryland,S Dakota St,0.48799675885696986
Maryland,Seton Hall,0.48799675885696986
Maryland,SMU,0.48799675885696986
Maryland,South Carolina,0.48799675885696986
Maryland,St Mary's CA,0.48799675885696986
Maryland,Troy,0.48799675885696986
Maryland,TX Southern,0.48799675885696986
Maryland,UC Davis,0.48799675885696986
Maryland,UCLA,0.48799675885696986
Maryland,UNC Wilmington,0.48799675885696986
Maryland,USC,0.48799675885696986
Maryland,VA Commonwealth,0.48799675885696986
Maryland,Vanderbilt,0.48799675885696986
Maryland,Vermont,0.48799675885696986
Maryland,Villanova,0.48799675885696986
Maryland,Virginia,0.48799675885696986
Maryland,Virginia Tech,0.48799675885696986
Maryland,Wake Forest,0.48799675885696986
Maryland,West Virginia,0.48799675885696986
Maryland,Wichita St,0.48799675885696986
Maryland,Winthrop,0.48799675885696986
Maryland,Wisconsin,0.48799675885696986
Maryland,Xavier,0.48799675885696986
Miami FL,Michigan,0.48799675885696986
Miami FL,Michigan St,0.48799675885696986
Miami FL,Minnesota,0.48799675885696986
Miami FL,Mt St Mary's,0.48799675885696986
Miami FL,MTSU,0.48799675885696986
Miami FL,N Kentucky,0.48799675885696986
Miami FL,NC Central,0.48799675885696986
Miami FL,Nevada,0.48799675885696986
Miami FL,New Mexico St,0.48799675885696986
Miami FL,New Orleans,0.48799675885696986
Miami FL,North Carolina,0.48799675885696986
Miami FL,North Dakota,0.48799675885696986
Miami FL,Northwestern,0.48799675885696986
Miami FL,Notre Dame,0.48799675885696986
Miami FL,Oklahoma St,0.48799675885696986
Miami FL,Oregon,0.48799675885696986
Miami FL,Princeton,0.48799675885696986
Miami FL,Providence,0.48799675885696986
Miami FL,Purdue,0.48799675885696986
Miami FL,Rhode Island,0.48799675885696986
Miami FL,S Dakota St,0.48799675885696986
Miami FL,Seton Hall,0.48799675885696986
Miami FL,SMU,0.48799675885696986
Miami FL,South Carolina,0.48799675885696986
Miami FL,St Mary's CA,0.48799675885696986
Miami FL,Troy,0.48799675885696986
Miami FL,TX Southern,0.48799675885696986
Miami FL,UC Davis,0.48799675885696986
Miami FL,UCLA,0.48799675885696986
Miami FL,UNC Wilmington,0.48799675885696986
Miami FL,USC,0.48799675885696986
Miami FL,VA Commonwealth,0.48799675885696986
Miami FL,Vanderbilt,0.48799675885696986
Miami FL,Vermont,0.48799675885696986
Miami FL,Villanova,0.48799675885696986
Miami FL,Virginia,0.48799675885696986
Miami FL,Virginia Tech,0.48799675885696986
Miami FL,Wake Forest,0.48799675885696986
Miami FL,West Virginia,0.48799675885696986
Miami FL,Wichita St,0.48799675885696986
Miami FL,Winthrop,0.48799675885696986
Miami FL,Wisconsin,0.48799675885696986
Miami FL,Xavier,0.48799675885696986
Michigan,Michigan St,0.48799675885696986
Michigan,Minnesota,0.48799675885696986
Michigan,Mt St Mary's,0.48799675885696986
Michigan,MTSU,0.48799675885696986
Michigan,N Kentucky,0.48799675885696986
Michigan,NC Central,0.48799675885696986
Michigan,Nevada,0.48799675885696986
Michigan,New Mexico St,0.48799675885696986
Michigan,New Orleans,0.48799675885696986
Michigan,North Carolina,0.48799675885696986
Michigan,North Dakota,0.48799675885696986
Michigan,Northwestern,0.48799675885696986
Michigan,Notre Dame,0.48799675885696986
Michigan,Oklahoma St,0.48799675885696986
Michigan,Oregon,0.48799675885696986
Michigan,Princeton,0.48799675885696986
Michigan,Providence,0.48799675885696986
Michigan,Purdue,0.48799675885696986
Michigan,Rhode Island,0.48799675885696986
Michigan,S Dakota St,0.48799675885696986
Michigan,Seton Hall,0.48799675885696986
Michigan,SMU,0.48799675885696986
Michigan,South Carolina,0.48799675885696986
Michigan,St Mary's CA,0.48799675885696986
Michigan,Troy,0.48799675885696986
Michigan,TX Southern,0.48799675885696986
Michigan,UC Davis,0.48799675885696986
Michigan,UCLA,0.48799675885696986
Michigan,UNC Wilmington,0.48799675885696986
Michigan,USC,0.48799675885696986
Michigan,VA Commonwealth,0.48799675885696986
Michigan,Vanderbilt,0.48799675885696986
Michigan,Vermont,0.48799675885696986
Michigan,Villanova,0.48799675885696986
Michigan,Virginia,0.48799675885696986
Michigan,Virginia Tech,0.48799675885696986
Michigan,Wake Forest,0.48799675885696986
Michigan,West Virginia,0.48799675885696986
Michigan,Wichita St,0.48799675885696986
Michigan,Winthrop,0.48799675885696986
Michigan,Wisconsin,0.48799675885696986
Michigan,Xavier,0.48799675885696986
Michigan St,Minnesota,0.48799675885696986
Michigan St,Mt St Mary's,0.48799675885696986
Michigan St,MTSU,0.48799675885696986
Michigan St,N Kentucky,0.48799675885696986
Michigan St,NC Central,0.48799675885696986
Michigan St,Nevada,0.48799675885696986
Michigan St,New Mexico St,0.48799675885696986
Michigan St,New Orleans,0.48799675885696986
Michigan St,North Carolina,0.48799675885696986
Michigan St,North Dakota,0.48799675885696986
Michigan St,Northwestern,0.48799675885696986
Michigan St,Notre Dame,0.48799675885696986
Michigan St,Oklahoma St,0.48799675885696986
Michigan St,Oregon,0.48799675885696986
Michigan St,Princeton,0.48799675885696986
Michigan St,Providence,0.48799675885696986
Michigan St,Purdue,0.48799675885696986
Michigan St,Rhode Island,0.48799675885696986
Michigan St,S Dakota St,0.48799675885696986
Michigan St,Seton Hall,0.48799675885696986
Michigan St,SMU,0.48799675885696986
Michigan St,South Carolina,0.48799675885696986
Michigan St,St Mary's CA,0.48799675885696986
Michigan St,Troy,0.48799675885696986
Michigan St,TX Southern,0.48799675885696986
Michigan St,UC Davis,0.48799675885696986
Michigan St,UCLA,0.48799675885696986
Michigan St,UNC Wilmington,0.48799675885696986
Michigan St,USC,0.48799675885696986
Michigan St,VA Commonwealth,0.48799675885696986
Michigan St,Vanderbilt,0.48799675885696986
Michigan St,Vermont,0.48799675885696986
Michigan St,Villanova,0.48799675885696986
Michigan St,Virginia,0.48799675885696986
Michigan St,Virginia Tech,0.48799675885696986
Michigan St,Wake Forest,0.48799675885696986
Michigan St,West Virginia,0.48799675885696986
Michigan St,Wichita St,0.48799675885696986
Michigan St,Winthrop,0.48799675885696986
Michigan St,Wisconsin,0.48799675885696986
Michigan St,Xavier,0.48799675885696986
Minnesota,Mt St Mary's,0.48799675885696986
Minnesota,MTSU,0.48799675885696986
Minnesota,N Kentucky,0.48799675885696986
Minnesota,NC Central,0.48799675885696986
Minnesota,Nevada,0.48799675885696986
Minnesota,New Mexico St,0.48799675885696986
Minnesota,New Orleans,0.48799675885696986
Minnesota,North Carolina,0.48799675885696986
Minnesota,North Dakota,0.48799675885696986
Minnesota,Northwestern,0.48799675885696986
Minnesota,Notre Dame,0.48799675885696986
Minnesota,Oklahoma St,0.48799675885696986
Minnesota,Oregon,0.48799675885696986
Minnesota,Princeton,0.48799675885696986
Minnesota,Providence,0.48799675885696986
Minnesota,Purdue,0.48799675885696986
Minnesota,Rhode Island,0.48799675885696986
Minnesota,S Dakota St,0.48799675885696986
Minnesota,Seton Hall,0.48799675885696986
Minnesota,SMU,0.48799675885696986
Minnesota,South Carolina,0.48799675885696986
Minnesota,St Mary's CA,0.48799675885696986
Minnesota,Troy,0.48799675885696986
Minnesota,TX Southern,0.48799675885696986
Minnesota,UC Davis,0.48799675885696986
Minnesota,UCLA,0.48799675885696986
Minnesota,UNC Wilmington,0.48799675885696986
Minnesota,USC,0.48799675885696986
Minnesota,VA Commonwealth,0.48799675885696986
Minnesota,Vanderbilt,0.48799675885696986
Minnesota,Vermont,0.48799675885696986
Minnesota,Villanova,0.48799675885696986
Minnesota,Virginia,0.48799675885696986
Minnesota,Virginia Tech,0.48799675885696986
Minnesota,Wake Forest,0.48799675885696986
Minnesota,West Virginia,0.48799675885696986
Minnesota,Wichita St,0.48799675885696986
Minnesota,Winthrop,0.48799675885696986
Minnesota,Wisconsin,0.48799675885696986
Minnesota,Xavier,0.48799675885696986
Mt St Mary's,MTSU,0.48799675885696986
Mt St Mary's,N Kentucky,0.48799675885696986
Mt St Mary's,NC Central,0.48799675885696986
Mt St Mary's,Nevada,0.48799675885696986
Mt St Mary's,New Mexico St,0.48799675885696986
Mt St Mary's,New Orleans,0.48799675885696986
Mt St Mary's,North Carolina,0.48799675885696986
Mt St Mary's,North Dakota,0.48799675885696986
Mt St Mary's,Northwestern,0.48799675885696986
Mt St Mary's,Notre Dame,0.48799675885696986
Mt St Mary's,Oklahoma St,0.48799675885696986
Mt St Mary's,Oregon,0.48799675885696986
Mt St Mary's,Princeton,0.48799675885696986
Mt St Mary's,Providence,0.48799675885696986
Mt St Mary's,Purdue,0.48799675885696986
Mt St Mary's,Rhode Island,0.48799675885696986
Mt St Mary's,S Dakota St,0.48799675885696986
Mt St Mary's,Seton Hall,0.48799675885696986
Mt St Mary's,SMU,0.48799675885696986
Mt St Mary's,South Carolina,0.48799675885696986
Mt St Mary's,St Mary's CA,0.48799675885696986
Mt St Mary's,Troy,0.48799675885696986
Mt St Mary's,TX Southern,0.48799675885696986
Mt St Mary's,UC Davis,0.48799675885696986
Mt St Mary's,UCLA,0.48799675885696986
Mt St Mary's,UNC Wilmington,0.48799675885696986
Mt St Mary's,USC,0.48799675885696986
Mt St Mary's,VA Commonwealth,0.48799675885696986
Mt St Mary's,Vanderbilt,0.48799675885696986
Mt St Mary's,Vermont,0.48799675885696986
Mt St Mary's,Villanova,0.48799675885696986
Mt St Mary's,Virginia,0.48799675885696986
Mt St Mary's,Virginia Tech,0.48799675885696986
Mt St Mary's,Wake Forest,0.48799675885696986
Mt St Mary's,West Virginia,0.48799675885696986
Mt St Mary's,Wichita St,0.48799675885696986
Mt St Mary's,Winthrop,0.48799675885696986
Mt St Mary's,Wisconsin,0.48799675885696986
Mt St Mary's,Xavier,0.48799675885696986
MTSU,N Kentucky,0.48799675885696986
MTSU,NC Central,0.48799675885696986
MTSU,Nevada,0.48799675885696986
MTSU,New Mexico St,0.48799675885696986
MTSU,New Orleans,0.48799675885696986
MTSU,North Carolina,0.48799675885696986
MTSU,North Dakota,0.48799675885696986
MTSU,Northwestern,0.48799675885696986
MTSU,Notre Dame,0.48799675885696986
MTSU,Oklahoma St,0.48799675885696986
MTSU,Oregon,0.48799675885696986
MTSU,Princeton,0.48799675885696986
MTSU,Providence,0.48799675885696986
MTSU,Purdue,0.48799675885696986
MTSU,Rhode Island,0.48799675885696986
MTSU,S Dakota St,0.48799675885696986
MTSU,Seton Hall,0.48799675885696986
MTSU,SMU,0.48799675885696986
MTSU,South Carolina,0.48799675885696986
MTSU,St Mary's CA,0.48799675885696986
MTSU,Troy,0.48799675885696986
MTSU,TX Southern,0.48799675885696986
MTSU,UC Davis,0.48799675885696986
MTSU,UCLA,0.48799675885696986
MTSU,UNC Wilmington,0.48799675885696986
MTSU,USC,0.48799675885696986
MTSU,VA Commonwealth,0.48799675885696986
MTSU,Vanderbilt,0.48799675885696986
MTSU,Vermont,0.48799675885696986
MTSU,Villanova,0.48799675885696986
MTSU,Virginia,0.48799675885696986
MTSU,Virginia Tech,0.48799675885696986
MTSU,Wake Forest,0.48799675885696986
MTSU,West Virginia,0.48799675885696986
MTSU,Wichita St,0.48799675885696986
MTSU,Winthrop,0.48799675885696986
MTSU,Wisconsin,0.48799675885696986
MTSU,Xavier,0.48799675885696986
N Kentucky,NC Central,0.48799675885696986
N Kentucky,Nevada,0.48799675885696986
N Kentucky,New Mexico St,0.48799675885696986
N Kentucky,New Orleans,0.48799675885696986
N Kentucky,North Carolina,0.48799675885696986
N Kentucky,North Dakota,0.48799675885696986
N Kentucky,Northwestern,0.48799675885696986
N Kentucky,Notre Dame,0.48799675885696986
N Kentucky,Oklahoma St,0.48799675885696986
N Kentucky,Oregon,0.48799675885696986
N Kentucky,Princeton,0.48799675885696986
N Kentucky,Providence,0.48799675885696986
N Kentucky,Purdue,0.48799675885696986
N Kentucky,Rhode Island,0.48799675885696986
N Kentucky,S Dakota St,0.48799675885696986
N Kentucky,Seton Hall,0.48799675885696986
N Kentucky,SMU,0.48799675885696986
N Kentucky,South Carolina,0.48799675885696986
N Kentucky,St Mary's CA,0.48799675885696986
N Kentucky,Troy,0.48799675885696986
N Kentucky,TX Southern,0.48799675885696986
N Kentucky,UC Davis,0.48799675885696986
N Kentucky,UCLA,0.48799675885696986
N Kentucky,UNC Wilmington,0.48799675885696986
N Kentucky,USC,0.48799675885696986
N Kentucky,VA Commonwealth,0.48799675885696986
N Kentucky,Vanderbilt,0.48799675885696986
N Kentucky,Vermont,0.48799675885696986
N Kentucky,Villanova,0.48799675885696986
N Kentucky,Virginia,0.48799675885696986
N Kentucky,Virginia Tech,0.48799675885696986
N Kentucky,Wake Forest,0.48799675885696986
N Kentucky,West Virginia,0.48799675885696986
N Kentucky,Wichita St,0.48799675885696986
N Kentucky,Winthrop,0.48799675885696986
N Kentucky,Wisconsin,0.48799675885696986
N Kentucky,Xavier,0.48799675885696986
NC Central,Nevada,0.48799675885696986
NC Central,New Mexico St,0.48799675885696986
NC Central,New Orleans,0.48799675885696986
NC Central,North Carolina,0.48799675885696986
NC Central,North Dakota,0.48799675885696986
NC Central,Northwestern,0.48799675885696986
NC Central,Notre Dame,0.48799675885696986
NC Central,Oklahoma St,0.48799675885696986
NC Central,Oregon,0.48799675885696986
NC Central,Princeton,0.48799675885696986
NC Central,Providence,0.48799675885696986
NC Central,Purdue,0.48799675885696986
NC Central,Rhode Island,0.48799675885696986
NC Central,S Dakota St,0.48799675885696986
NC Central,Seton Hall,0.48799675885696986
NC Central,SMU,0.48799675885696986
NC Central,South Carolina,0.48799675885696986
NC Central,St Mary's CA,0.48799675885696986
NC Central,Troy,0.48799675885696986
NC Central,TX Southern,0.48799675885696986
NC Central,UC Davis,0.48799675885696986
NC Central,UCLA,0.48799675885696986
NC Central,UNC Wilmington,0.48799675885696986
NC Central,USC,0.48799675885696986
NC Central,VA Commonwealth,0.48799675885696986
NC Central,Vanderbilt,0.48799675885696986
NC Central,Vermont,0.48799675885696986
NC Central,Villanova,0.48799675885696986
NC Central,Virginia,0.48799675885696986
NC Central,Virginia Tech,0.48799675885696986
NC Central,Wake Forest,0.48799675885696986
NC Central,West Virginia,0.48799675885696986
NC Central,Wichita St,0.48799675885696986
NC Central,Winthrop,0.48799675885696986
NC Central,Wisconsin,0.48799675885696986
NC Central,Xavier,0.48799675885696986
Nevada,New Mexico St,0.48799675885696986
Nevada,New Orleans,0.48799675885696986
Nevada,North Carolina,0.48799675885696986
Nevada,North Dakota,0.48799675885696986
Nevada,Northwestern,0.48799675885696986
Nevada,Notre Dame,0.48799675885696986
Nevada,Oklahoma St,0.48799675885696986
Nevada,Oregon,0.48799675885696986
Nevada,Princeton,0.48799675885696986
Nevada,Providence,0.48799675885696986
Nevada,Purdue,0.48799675885696986
Nevada,Rhode Island,0.48799675885696986
Nevada,S Dakota St,0.48799675885696986
Nevada,Seton Hall,0.48799675885696986
Nevada,SMU,0.48799675885696986
Nevada,South Carolina,0.48799675885696986
Nevada,St Mary's CA,0.48799675885696986
Nevada,Troy,0.48799675885696986
Nevada,TX Southern,0.48799675885696986
Nevada,UC Davis,0.48799675885696986
Nevada,UCLA,0.48799675885696986
Nevada,UNC Wilmington,0.48799675885696986
Nevada,USC,0.48799675885696986
Nevada,VA Commonwealth,0.48799675885696986
Nevada,Vanderbilt,0.48799675885696986
Nevada,Vermont,0.48799675885696986
Nevada,Villanova,0.48799675885696986
Nevada,Virginia,0.48799675885696986
Nevada,Virginia Tech,0.48799675885696986
Nevada,Wake Forest,0.48799675885696986
Nevada,West Virginia,0.48799675885696986
Nevada,Wichita St,0.48799675885696986
Nevada,Winthrop,0.48799675885696986
Nevada,Wisconsin,0.48799675885696986
Nevada,Xavier,0.48799675885696986
New Mexico St,New Orleans,0.48799675885696986
New Mexico St,North Carolina,0.48799675885696986
New Mexico St,North Dakota,0.48799675885696986
New Mexico St,Northwestern,0.48799675885696986
New Mexico St,Notre Dame,0.48799675885696986
New Mexico St,Oklahoma St,0.48799675885696986
New Mexico St,Oregon,0.48799675885696986
New Mexico St,Princeton,0.48799675885696986
New Mexico St,Providence,0.48799675885696986
New Mexico St,Purdue,0.48799675885696986
New Mexico St,Rhode Island,0.48799675885696986
New Mexico St,S Dakota St,0.48799675885696986
New Mexico St,Seton Hall,0.48799675885696986
New Mexico St,SMU,0.48799675885696986
New Mexico St,South Carolina,0.48799675885696986
New Mexico St,St Mary's CA,0.48799675885696986
New Mexico St,Troy,0.48799675885696986
New Mexico St,TX Southern,0.48799675885696986
New Mexico St,UC Davis,0.48799675885696986
New Mexico St,UCLA,0.48799675885696986
New Mexico St,UNC Wilmington,0.48799675885696986
New Mexico St,USC,0.48799675885696986
New Mexico St,VA Commonwealth,0.48799675885696986
New Mexico St,Vanderbilt,0.48799675885696986
New Mexico St,Vermont,0.48799675885696986
New Mexico St,Villanova,0.48799675885696986
New Mexico St,Virginia,0.48799675885696986
New Mexico St,Virginia Tech,0.48799675885696986
New Mexico St,Wake Forest,0.48799675885696986
New Mexico St,West Virginia,0.48799675885696986
New Mexico St,Wichita St,0.48799675885696986
New Mexico St,Winthrop,0.48799675885696986
New Mexico St,Wisconsin,0.48799675885696986
New Mexico St,Xavier,0.48799675885696986
New Orleans,North Carolina,0.48799675885696986
New Orleans,North Dakota,0.48799675885696986
New Orleans,Northwestern,0.48799675885696986
New Orleans,Notre Dame,0.48799675885696986
New Orleans,Oklahoma St,0.48799675885696986
New Orleans,Oregon,0.48799675885696986
New Orleans,Princeton,0.48799675885696986
New Orleans,Providence,0.48799675885696986
New Orleans,Purdue,0.48799675885696986
New Orleans,Rhode Island,0.48799675885696986
New Orleans,S Dakota St,0.48799675885696986
New Orleans,Seton Hall,0.48799675885696986
New Orleans,SMU,0.48799675885696986
New Orleans,South Carolina,0.48799675885696986
New Orleans,St Mary's CA,0.48799675885696986
New Orleans,Troy,0.48799675885696986
New Orleans,TX Southern,0.48799675885696986
New Orleans,UC Davis,0.48799675885696986
New Orleans,UCLA,0.48799675885696986
New Orleans,UNC Wilmington,0.48799675885696986
New Orleans,USC,0.48799675885696986
New Orleans,VA Commonwealth,0.48799675885696986
New Orleans,Vanderbilt,0.48799675885696986
New Orleans,Vermont,0.48799675885696986
New Orleans,Villanova,0.48799675885696986
New Orleans,Virginia,0.48799675885696986
New Orleans,Virginia Tech,0.48799675885696986
New Orleans,Wake Forest,0.48799675885696986
New Orleans,West Virginia,0.48799675885696986
New Orleans,Wichita St,0.48799675885696986
New Orleans,Winthrop,0.48799675885696986
New Orleans,Wisconsin,0.48799675885696986
New Orleans,Xavier,0.48799675885696986
North Carolina,North Dakota,0.48799675885696986
North Carolina,Northwestern,0.48799675885696986
North Carolina,Notre Dame,0.48799675885696986
North Carolina,Oklahoma St,0.48799675885696986
North Carolina,Oregon,0.48799675885696986
North Carolina,Princeton,0.48799675885696986
North Carolina,Providence,0.48799675885696986
North Carolina,Purdue,0.48799675885696986
North Carolina,Rhode Island,0.48799675885696986
North Carolina,S Dakota St,0.48799675885696986
North Carolina,Seton Hall,0.48799675885696986
North Carolina,SMU,0.48799675885696986
North Carolina,South Carolina,0.48799675885696986
North Carolina,St Mary's CA,0.48799675885696986
North Carolina,Troy,0.48799675885696986
North Carolina,TX Southern,0.48799675885696986
North Carolina,UC Davis,0.48799675885696986
North Carolina,UCLA,0.48799675885696986
North Carolina,UNC Wilmington,0.48799675885696986
North Carolina,USC,0.48799675885696986
North Carolina,VA Commonwealth,0.48799675885696986
North Carolina,Vanderbilt,0.48799675885696986
North Carolina,Vermont,0.48799675885696986
North Carolina,Villanova,0.48799675885696986
North Carolina,Virginia,0.48799675885696986
North Carolina,Virginia Tech,0.48799675885696986
North Carolina,Wake Forest,0.48799675885696986
North Carolina,West Virginia,0.48799675885696986
North Carolina,Wichita St,0.48799675885696986
North Carolina,Winthrop,0.48799675885696986
North Carolina,Wisconsin,0.48799675885696986
North Carolina,Xavier,0.48799675885696986
North Dakota,Northwestern,0.48799675885696986
North Dakota,Notre Dame,0.48799675885696986
North Dakota,Oklahoma St,0.48799675885696986
North Dakota,Oregon,0.48799675885696986
North Dakota,Princeton,0.48799675885696986
North Dakota,Providence,0.48799675885696986
North Dakota,Purdue,0.48799675885696986
North Dakota,Rhode Island,0.48799675885696986
North Dakota,S Dakota St,0.48799675885696986
North Dakota,Seton Hall,0.48799675885696986
North Dakota,SMU,0.48799675885696986
North Dakota,South Carolina,0.48799675885696986
North Dakota,St Mary's CA,0.48799675885696986
North Dakota,Troy,0.48799675885696986
North Dakota,TX Southern,0.48799675885696986
North Dakota,UC Davis,0.48799675885696986
North Dakota,UCLA,0.48799675885696986
North Dakota,UNC Wilmington,0.48799675885696986
North Dakota,USC,0.48799675885696986
North Dakota,VA Commonwealth,0.48799675885696986
North Dakota,Vanderbilt,0.48799675885696986
North Dakota,Vermont,0.48799675885696986
North Dakota,Villanova,0.48799675885696986
North Dakota,Virginia,0.48799675885696986
North Dakota,Virginia Tech,0.48799675885696986
North Dakota,Wake Forest,0.48799675885696986
North Dakota,West Virginia,0.48799675885696986
North Dakota,Wichita St,0.48799675885696986
North Dakota,Winthrop,0.48799675885696986
North Dakota,Wisconsin,0.48799675885696986
North Dakota,Xavier,0.48799675885696986
Northwestern,Notre Dame,0.48799675885696986
Northwestern,Oklahoma St,0.48799675885696986
Northwestern,Oregon,0.48799675885696986
Northwestern,Princeton,0.48799675885696986
Northwestern,Providence,0.48799675885696986
Northwestern,Purdue,0.48799675885696986
Northwestern,Rhode Island,0.48799675885696986
Northwestern,S Dakota St,0.48799675885696986
Northwestern,Seton Hall,0.48799675885696986
Northwestern,SMU,0.48799675885696986
Northwestern,South Carolina,0.48799675885696986
Northwestern,St Mary's CA,0.48799675885696986
Northwestern,Troy,0.48799675885696986
Northwestern,TX Southern,0.48799675885696986
Northwestern,UC Davis,0.48799675885696986
Northwestern,UCLA,0.48799675885696986
Northwestern,UNC Wilmington,0.48799675885696986
Northwestern,USC,0.48799675885696986
Northwestern,VA Commonwealth,0.48799675885696986
Northwestern,Vanderbilt,0.48799675885696986
Northwestern,Vermont,0.48799675885696986
Northwestern,Villanova,0.48799675885696986
Northwestern,Virginia,0.48799675885696986
Northwestern,Virginia Tech,0.48799675885696986
Northwestern,Wake Forest,0.48799675885696986
Northwestern,West Virginia,0.48799675885696986
Northwestern,Wichita St,0.48799675885696986
Northwestern,Winthrop,0.48799675885696986
Northwestern,Wisconsin,0.48799675885696986
Northwestern,Xavier,0.48799675885696986
Notre Dame,Oklahoma St,0.48799675885696986
Notre Dame,Oregon,0.48799675885696986
Notre Dame,Princeton,0.48799675885696986
Notre Dame,Providence,0.48799675885696986
Notre Dame,Purdue,0.48799675885696986
Notre Dame,Rhode Island,0.48799675885696986
Notre Dame,S Dakota St,0.48799675885696986
Notre Dame,Seton Hall,0.48799675885696986
Notre Dame,SMU,0.48799675885696986
Notre Dame,South Carolina,0.48799675885696986
Notre Dame,St Mary's CA,0.48799675885696986
Notre Dame,Troy,0.48799675885696986
Notre Dame,TX Southern,0.48799675885696986
Notre Dame,UC Davis,0.48799675885696986
Notre Dame,UCLA,0.48799675885696986
Notre Dame,UNC Wilmington,0.48799675885696986
Notre Dame,USC,0.48799675885696986
Notre Dame,VA Commonwealth,0.48799675885696986
Notre Dame,Vanderbilt,0.48799675885696986
Notre Dame,Vermont,0.48799675885696986
Notre Dame,Villanova,0.48799675885696986
Notre Dame,Virginia,0.48799675885696986
Notre Dame,Virginia Tech,0.48799675885696986
Notre Dame,Wake Forest,0.48799675885696986
Notre Dame,West Virginia,0.48799675885696986
Notre Dame,Wichita St,0.48799675885696986
Notre Dame,Winthrop,0.48799675885696986
Notre Dame,Wisconsin,0.48799675885696986
Notre Dame,Xavier,0.48799675885696986
Oklahoma St,Oregon,0.48799675885696986
Oklahoma St,Princeton,0.48799675885696986
Oklahoma St,Providence,0.48799675885696986
Oklahoma St,Purdue,0.48799675885696986
Oklahoma St,Rhode Island,0.48799675885696986
Oklahoma St,S Dakota St,0.48799675885696986
Oklahoma St,Seton Hall,0.48799675885696986
Oklahoma St,SMU,0.48799675885696986
Oklahoma St,South Carolina,0.48799675885696986
Oklahoma St,St Mary's CA,0.48799675885696986
Oklahoma St,Troy,0.48799675885696986
Oklahoma St,TX Southern,0.48799675885696986
Oklahoma St,UC Davis,0.48799675885696986
Oklahoma St,UCLA,0.48799675885696986
Oklahoma St,UNC Wilmington,0.48799675885696986
Oklahoma St,USC,0.48799675885696986
Oklahoma St,VA Commonwealth,0.48799675885696986
Oklahoma St,Vanderbilt,0.48799675885696986
Oklahoma St,Vermont,0.48799675885696986
Oklahoma St,Villanova,0.48799675885696986
Oklahoma St,Virginia,0.48799675885696986
Oklahoma St,Virginia Tech,0.48799675885696986
Oklahoma St,Wake Forest,0.48799675885696986
Oklahoma St,West Virginia,0.48799675885696986
Oklahoma St,Wichita St,0.48799675885696986
Oklahoma St,Winthrop,0.48799675885696986
Oklahoma St,Wisconsin,0.48799675885696986
Oklahoma St,Xavier,0.48799675885696986
Oregon,Princeton,0.48799675885696986
Oregon,Providence,0.48799675885696986
Oregon,Purdue,0.48799675885696986
Oregon,Rhode Island,0.48799675885696986
Oregon,S Dakota St,0.48799675885696986
Oregon,Seton Hall,0.48799675885696986
Oregon,SMU,0.48799675885696986
Oregon,South Carolina,0.48799675885696986
Oregon,St Mary's CA,0.48799675885696986
Oregon,Troy,0.48799675885696986
Oregon,TX Southern,0.48799675885696986
Oregon,UC Davis,0.48799675885696986
Oregon,UCLA,0.48799675885696986
Oregon,UNC Wilmington,0.48799675885696986
Oregon,USC,0.48799675885696986
Oregon,VA Commonwealth,0.48799675885696986
Oregon,Vanderbilt,0.48799675885696986
Oregon,Vermont,0.48799675885696986
Oregon,Villanova,0.48799675885696986
Oregon,Virginia,0.48799675885696986
Oregon,Virginia Tech,0.48799675885696986
Oregon,Wake Forest,0.48799675885696986
Oregon,West Virginia,0.48799675885696986
Oregon,Wichita St,0.48799675885696986
Oregon,Winthrop,0.48799675885696986
Oregon,Wisconsin,0.48799675885696986
Oregon,Xavier,0.48799675885696986
Princeton,Providence,0.48799675885696986
Princeton,Purdue,0.48799675885696986
Princeton,Rhode Island,0.48799675885696986
Princeton,S Dakota St,0.48799675885696986
Princeton,Seton Hall,0.48799675885696986
Princeton,SMU,0.48799675885696986
Princeton,South Carolina,0.48799675885696986
Princeton,St Mary's CA,0.48799675885696986
Princeton,Troy,0.48799675885696986
Princeton,TX Southern,0.48799675885696986
Princeton,UC Davis,0.48799675885696986
Princeton,UCLA,0.48799675885696986
Princeton,UNC Wilmington,0.48799675885696986
Princeton,USC,0.48799675885696986
Princeton,VA Commonwealth,0.48799675885696986
Princeton,Vanderbilt,0.48799675885696986
Princeton,Vermont,0.48799675885696986
Princeton,Villanova,0.48799675885696986
Princeton,Virginia,0.48799675885696986
Princeton,Virginia Tech,0.48799675885696986
Princeton,Wake Forest,0.48799675885696986
Princeton,West Virginia,0.48799675885696986
Princeton,Wichita St,0.48799675885696986
Princeton,Winthrop,0.48799675885696986
Princeton,Wisconsin,0.48799675885696986
Princeton,Xavier,0.48799675885696986
Providence,Purdue,0.48799675885696986
Providence,Rhode Island,0.48799675885696986
Providence,S Dakota St,0.48799675885696986
Providence,Seton Hall,0.48799675885696986
Providence,SMU,0.48799675885696986
Providence,South Carolina,0.48799675885696986
Providence,St Mary's CA,0.48799675885696986
Providence,Troy,0.48799675885696986
Providence,TX Southern,0.48799675885696986
Providence,UC Davis,0.48799675885696986
Providence,UCLA,0.48799675885696986
Providence,UNC Wilmington,0.48799675885696986
Providence,USC,0.48799675885696986
Providence,VA Commonwealth,0.48799675885696986
Providence,Vanderbilt,0.48799675885696986
Providence,Vermont,0.48799675885696986
Providence,Villanova,0.48799675885696986
Providence,Virginia,0.48799675885696986
Providence,Virginia Tech,0.48799675885696986
Providence,Wake Forest,0.48799675885696986
Providence,West Virginia,0.48799675885696986
Providence,Wichita St,0.48799675885696986
Providence,Winthrop,0.48799675885696986
Providence,Wisconsin,0.48799675885696986
Providence,Xavier,0.48799675885696986
Purdue,Rhode Island,0.48799675885696986
Purdue,S Dakota St,0.48799675885696986
Purdue,Seton Hall,0.48799675885696986
Purdue,SMU,0.48799675885696986
Purdue,South Carolina,0.48799675885696986
Purdue,St Mary's CA,0.48799675885696986
Purdue,Troy,0.48799675885696986
Purdue,TX Southern,0.48799675885696986
Purdue,UC Davis,0.48799675885696986
Purdue,UCLA,0.48799675885696986
Purdue,UNC Wilmington,0.48799675885696986
Purdue,USC,0.48799675885696986
Purdue,VA Commonwealth,0.48799675885696986
Purdue,Vanderbilt,0.48799675885696986
Purdue,Vermont,0.48799675885696986
Purdue,Villanova,0.48799675885696986
Purdue,Virginia,0.48799675885696986
Purdue,Virginia Tech,0.48799675885696986
Purdue,Wake Forest,0.48799675885696986
Purdue,West Virginia,0.48799675885696986
Purdue,Wichita St,0.48799675885696986
Purdue,Winthrop,0.48799675885696986
Purdue,Wisconsin,0.48799675885696986
Purdue,Xavier,0.48799675885696986
Rhode Island,S Dakota St,0.48799675885696986
Rhode Island,Seton Hall,0.48799675885696986
Rhode Island,SMU,0.48799675885696986
Rhode Island,South Carolina,0.48799675885696986
Rhode Island,St Mary's CA,0.48799675885696986
Rhode Island,Troy,0.48799675885696986
Rhode Island,TX Southern,0.48799675885696986
Rhode Island,UC Davis,0.48799675885696986
Rhode Island,UCLA,0.48799675885696986
Rhode Island,UNC Wilmington,0.48799675885696986
Rhode Island,USC,0.48799675885696986
Rhode Island,VA Commonwealth,0.48799675885696986
Rhode Island,Vanderbilt,0.48799675885696986
Rhode Island,Vermont,0.48799675885696986
Rhode Island,Villanova,0.48799675885696986
Rhode Island,Virginia,0.48799675885696986
Rhode Island,Virginia Tech,0.48799675885696986
Rhode Island,Wake Forest,0.48799675885696986
Rhode Island,West Virginia,0.48799675885696986
Rhode Island,Wichita St,0.48799675885696986
Rhode Island,Winthrop,0.48799675885696986
Rhode Island,Wisconsin,0.48799675885696986
Rhode Island,Xavier,0.48799675885696986
S Dakota St,Seton Hall,0.48799675885696986
S Dakota St,SMU,0.48799675885696986
S Dakota St,South Carolina,0.48799675885696986
S Dakota St,St Mary's CA,0.48799675885696986
S Dakota St,Troy,0.48799675885696986
S Dakota St,TX Southern,0.48799675885696986
S Dakota St,UC Davis,0.48799675885696986
S Dakota St,UCLA,0.48799675885696986
S Dakota St,UNC Wilmington,0.48799675885696986
S Dakota St,USC,0.48799675885696986
S Dakota St,VA Commonwealth,0.48799675885696986
S Dakota St,Vanderbilt,0.48799675885696986
S Dakota St,Vermont,0.48799675885696986
S Dakota St,Villanova,0.48799675885696986
S Dakota St,Virginia,0.48799675885696986
S Dakota St,Virginia Tech,0.48799675885696986
S Dakota St,Wake Forest,0.48799675885696986
S Dakota St,West Virginia,0.48799675885696986
S Dakota St,Wichita St,0.48799675885696986
S Dakota St,Winthrop,0.48799675885696986
S Dakota St,Wisconsin,0.48799675885696986
S Dakota St,Xavier,0.48799675885696986
Seton Hall,SMU,0.48799675885696986
Seton Hall,South Carolina,0.48799675885696986
Seton Hall,St Mary's CA,0.48799675885696986
Seton Hall,Troy,0.48799675885696986
Seton Hall,TX Southern,0.48799675885696986
Seton Hall,UC Davis,0.48799675885696986
Seton Hall,UCLA,0.48799675885696986
Seton Hall,UNC Wilmington,0.48799675885696986
Seton Hall,USC,0.48799675885696986
Seton Hall,VA Commonwealth,0.48799675885696986
Seton Hall,Vanderbilt,0.48799675885696986
Seton Hall,Vermont,0.48799675885696986
Seton Hall,Villanova,0.48799675885696986
Seton Hall,Virginia,0.48799675885696986
Seton Hall,Virginia Tech,0.48799675885696986
Seton Hall,Wake Forest,0.48799675885696986
Seton Hall,West Virginia,0.48799675885696986
Seton Hall,Wichita St,0.48799675885696986
Seton Hall,Winthrop,0.48799675885696986
Seton Hall,Wisconsin,0.48799675885696986
Seton Hall,Xavier,0.48799675885696986
SMU,South Carolina,0.48799675885696986
SMU,St Mary's CA,0.48799675885696986
SMU,Troy,0.48799675885696986
SMU,TX Southern,0.48799675885696986
SMU,UC Davis,0.48799675885696986
SMU,UCLA,0.48799675885696986
SMU,UNC Wilmington,0.48799675885696986
SMU,USC,0.48799675885696986
SMU,VA Commonwealth,0.48799675885696986
SMU,Vanderbilt,0.48799675885696986
SMU,Vermont,0.48799675885696986
SMU,Villanova,0.48799675885696986
SMU,Virginia,0.48799675885696986
SMU,Virginia Tech,0.48799675885696986
SMU,Wake Forest,0.48799675885696986
SMU,West Virginia,0.48799675885696986
SMU,Wichita St,0.48799675885696986
SMU,Winthrop,0.48799675885696986
SMU,Wisconsin,0.48799675885696986
SMU,Xavier,0.48799675885696986
South Carolina,St Mary's CA,0.48799675885696986
South Carolina,Troy,0.48799675885696986
South Carolina,TX Southern,0.48799675885696986
South Carolina,UC Davis,0.48799675885696986
South Carolina,UCLA,0.48799675885696986
South Carolina,UNC Wilmington,0.48799675885696986
South Carolina,USC,0.48799675885696986
South Carolina,VA Commonwealth,0.48799675885696986
South Carolina,Vanderbilt,0.48799675885696986
South Carolina,Vermont,0.48799675885696986
South Carolina,Villanova,0.48799675885696986
South Carolina,Virginia,0.48799675885696986
South Carolina,Virginia Tech,0.48799675885696986
South Carolina,Wake Forest,0.48799675885696986
South Carolina,West Virginia,0.48799675885696986
South Carolina,Wichita St,0.48799675885696986
South Carolina,Winthrop,0.48799675885696986
South Carolina,Wisconsin,0.48799675885696986
South Carolina,Xavier,0.48799675885696986
St Mary's CA,Troy,0.48799675885696986
St Mary's CA,TX Southern,0.48799675885696986
St Mary's CA,UC Davis,0.48799675885696986
St Mary's CA,UCLA,0.48799675885696986
St Mary's CA,UNC Wilmington,0.48799675885696986
St Mary's CA,USC,0.48799675885696986
St Mary's CA,VA Commonwealth,0.48799675885696986
St Mary's CA,Vanderbilt,0.48799675885696986
St Mary's CA,Vermont,0.48799675885696986
St Mary's CA,Villanova,0.48799675885696986
St Mary's CA,Virginia,0.48799675885696986
St Mary's CA,Virginia Tech,0.48799675885696986
St Mary's CA,Wake Forest,0.48799675885696986
St Mary's CA,West Virginia,0.48799675885696986
St Mary's CA,Wichita St,0.48799675885696986
St Mary's CA,Winthrop,0.48799675885696986
St Mary's CA,Wisconsin,0.48799675885696986
St Mary's CA,Xavier,0.48799675885696986
Troy,TX Southern,0.48799675885696986
Troy,UC Davis,0.48799675885696986
Troy,UCLA,0.48799675885696986
Troy,UNC Wilmington,0.48799675885696986
Troy,USC,0.48799675885696986
Troy,VA Commonwealth,0.48799675885696986
Troy,Vanderbilt,0.48799675885696986
Troy,Vermont,0.48799675885696986
Troy,Villanova,0.48799675885696986
Troy,Virginia,0.48799675885696986
Troy,Virginia Tech,0.48799675885696986
Troy,Wake Forest,0.48799675885696986
Troy,West Virginia,0.48799675885696986
Troy,Wichita St,0.48799675885696986
Troy,Winthrop,0.48799675885696986
Troy,Wisconsin,0.48799675885696986
Troy,Xavier,0.48799675885696986
TX Southern,UC Davis,0.48799675885696986
TX Southern,UCLA,0.48799675885696986
TX Southern,UNC Wilmington,0.48799675885696986
TX Southern,USC,0.48799675885696986
TX Southern,VA Commonwealth,0.48799675885696986
TX Southern,Vanderbilt,0.48799675885696986
TX Southern,Vermont,0.48799675885696986
TX Southern,Villanova,0.48799675885696986
TX Southern,Virginia,0.48799675885696986
TX Southern,Virginia Tech,0.48799675885696986
TX Southern,Wake Forest,0.48799675885696986
TX Southern,West Virginia,0.48799675885696986
TX Southern,Wichita St,0.48799675885696986
TX Southern,Winthrop,0.48799675885696986
TX Southern,Wisconsin,0.48799675885696986
TX Southern,Xavier,0.48799675885696986
UC Davis,UCLA,0.48799675885696986
UC Davis,UNC Wilmington,0.48799675885696986
UC Davis,USC,0.48799675885696986
UC Davis,VA Commonwealth,0.48799675885696986
UC Davis,Vanderbilt,0.48799675885696986
UC Davis,Vermont,0.48799675885696986
UC Davis,Villanova,0.48799675885696986
UC Davis,Virginia,0.48799675885696986
UC Davis,Virginia Tech,0.48799675885696986
UC Davis,Wake Forest,0.48799675885696986
UC Davis,West Virginia,0.48799675885696986
UC Davis,Wichita St,0.48799675885696986
UC Davis,Winthrop,0.48799675885696986
UC Davis,Wisconsin,0.48799675885696986
UC Davis,Xavier,0.48799675885696986
UCLA,UNC Wilmington,0.48799675885696986
UCLA,USC,0.48799675885696986
UCLA,VA Commonwealth,0.48799675885696986
UCLA,Vanderbilt,0.48799675885696986
UCLA,Vermont,0.48799675885696986
UCLA,Villanova,0.48799675885696986
UCLA,Virginia,0.48799675885696986
UCLA,Virginia Tech,0.48799675885696986
UCLA,Wake Forest,0.48799675885696986
UCLA,West Virginia,0.48799675885696986
UCLA,Wichita St,0.48799675885696986
UCLA,Winthrop,0.48799675885696986
UCLA,Wisconsin,0.48799675885696986
UCLA,Xavier,0.48799675885696986
UNC Wilmington,USC,0.48799675885696986
UNC Wilmington,VA Commonwealth,0.48799675885696986
UNC Wilmington,Vanderbilt,0.48799675885696986
UNC Wilmington,Vermont,0.48799675885696986
UNC Wilmington,Villanova,0.48799675885696986
UNC Wilmington,Virginia,0.48799675885696986
UNC Wilmington,Virginia Tech,0.48799675885696986
UNC Wilmington,Wake Forest,0.48799675885696986
UNC Wilmington,West Virginia,0.48799675885696986
UNC Wilmington,Wichita St,0.48799675885696986
UNC Wilmington,Winthrop,0.48799675885696986
UNC Wilmington,Wisconsin,0.48799675885696986
UNC Wilmington,Xavier,0.48799675885696986
USC,VA Commonwealth,0.48799675885696986
USC,Vanderbilt,0.48799675885696986
USC,Vermont,0.48799675885696986
USC,Villanova,0.48799675885696986
USC,Virginia,0.48799675885696986
USC,Virginia Tech,0.48799675885696986
USC,Wake Forest,0.48799675885696986
USC,West Virginia,0.48799675885696986
USC,Wichita St,0.48799675885696986
USC,Winthrop,0.48799675885696986
USC,Wisconsin,0.48799675885696986
USC,Xavier,0.48799675885696986
VA Commonwealth,Vanderbilt,0.48799675885696986
VA Commonwealth,Vermont,0.48799675885696986
VA Commonwealth,Villanova,0.48799675885696986
VA Commonwealth,Virginia,0.48799675885696986
VA Commonwealth,Virginia Tech,0.48799675885696986
VA Commonwealth,Wake Forest,0.48799675885696986
VA Commonwealth,West Virginia,0.48799675885696986
VA Commonwealth,Wichita St,0.48799675885696986
VA Commonwealth,Winthrop,0.48799675885696986
VA Commonwealth,Wisconsin,0.48799675885696986
VA Commonwealth,Xavier,0.48799675885696986
Vanderbilt,Vermont,0.48799675885696986
Vanderbilt,Villanova,0.48799675885696986
Vanderbilt,Virginia,0.48799675885696986
Vanderbilt,Virginia Tech,0.48799675885696986
Vanderbilt,Wake Forest,0.48799675885696986
Vanderbilt,West Virginia,0.48799675885696986
Vanderbilt,Wichita St,0.48799675885696986
Vanderbilt,Winthrop,0.48799675885696986
Vanderbilt,Wisconsin,0.48799675885696986
Vanderbilt,Xavier,0.48799675885696986
Vermont,Villanova,0.48799675885696986
Vermont,Virginia,0.48799675885696986
Vermont,Virginia Tech,0.48799675885696986
Vermont,Wake Forest,0.48799675885696986
Vermont,West Virginia,0.48799675885696986
Vermont,Wichita St,0.48799675885696986
Vermont,Winthrop,0.48799675885696986
Vermont,Wisconsin,0.48799675885696986
Vermont,Xavier,0.48799675885696986
Villanova,Virginia,0.48799675885696986
Villanova,Virginia Tech,0.48799675885696986
Villanova,Wake Forest,0.48799675885696986
Villanova,West Virginia,0.48799675885696986
Villanova,Wichita St,0.48799675885696986
Villanova,Winthrop,0.48799675885696986
Villanova,Wisconsin,0.48799675885696986
Villanova,Xavier,0.48799675885696986
Virginia,Virginia Tech,0.48799675885696986
Virginia,Wake Forest,0.48799675885696986
Virginia,West Virginia,0.48799675885696986
Virginia,Wichita St,0.48799675885696986
Virginia,Winthrop,0.48799675885696986
Virginia,Wisconsin,0.48799675885696986
Virginia,Xavier,0.48799675885696986
Virginia Tech,Wake Forest,0.48799675885696986
Virginia Tech,West Virginia,0.48799675885696986
Virginia Tech,Wichita St,0.48799675885696986
Virginia Tech,Winthrop,0.48799675885696986
Virginia Tech,Wisconsin,0.48799675885696986
Virginia Tech,Xavier,0.48799675885696986
Wake Forest,West Virginia,0.48799675885696986
Wake Forest,Wichita St,0.48799675885696986
Wake Forest,Winthrop,0.48799675885696986
Wake Forest,Wisconsin,0.48799675885696986
Wake Forest,Xavier,0.48799675885696986
West Virginia,Wichita St,0.48799675885696986
West Virginia,Winthrop,0.48799675885696986
West Virginia,Wisconsin,0.48799675885696986
West Virginia,Xavier,0.48799675885696986
Wichita St,Winthrop,0.48799675885696986
Wichita St,Wisconsin,0.48799675885696986
Wichita St,Xavier,0.48799675885696986
Winthrop,Wisconsin,0.48799675885696986
Winthrop,Xavier,0.48799675885696986
Wisconsin,Xavier,0.48799675885696986
